Company,CEO,CEO Linkedin Profile,Vice President,Vice President Linkedin Profile,Company Website
"Advanced Emissions Solutions, Inc.",L. Heath Sampson ,https://www.linkedin.com/in/l-heath-sampson-3072027,"Lorrie Lang, SHRM",https://www.linkedin.com/in/lorriel,https://www.advancedemissionssolutions.com
AdvanSix Inc.,"Michael Preston, CFA ",https://www.linkedin.com/in/michael-preston-cfa-2521ab8,"Michael Preston, CFA ",https://www.linkedin.com/in/michael-preston-cfa-2521ab8,https://www.advansix.com
Aegion Corp,Tammi Wall ,https://www.linkedin.com/in/tammi-wall-ab69b67,Lindsay Bender ,https://www.linkedin.com/in/lindsay-bender-069b4226,https://www.aegion.com/
"Aemetis, Inc",Andy Foster ,https://www.linkedin.com/in/andyfoster00,Andy Foster ,https://www.linkedin.com/in/andyfoster00,https://www.aemetis.com
Agnico Eagle Mines Limited,Sinead McKenna ,https://ca.linkedin.com/in/sinead-mckenna-852b0388,Carol Plummer ,https://ca.linkedin.com/in/carol-plummer-34a04718,https://www.agnicoeagle.com
"Air Products and Chemicals, Inc.",Stephen Jones ,https://www.linkedin.com/in/stephen-jones-a62095a,Kearney Klein ,https://www.linkedin.com/in/kearney-klein-b200b91,https://www.airproducts.com
AK Steel Holding Corporation,Paul Hoffman ,https://www.linkedin.com/in/paul-hoffman-312434168,Kris Schirmer ,https://sg.linkedin.com/in/kris-schirmer-01575073,https://www.aksteel.com
Alamos Gold Inc.,Chris Bostwick ,https://www.linkedin.com/in/chris-bostwick-a9a9895b,Chris Bostwick ,https://www.linkedin.com/in/chris-bostwick-a9a9895b,https://www.alamosgold.com
Albany International Corporation,Patrick Wheeler ,https://www.linkedin.com/in/patrick-wheeler-24849a1b,Patrick Wheeler ,https://www.linkedin.com/in/patrick-wheeler-24849a1b,https://www.albint.com
Albemarle Corporation,Karen Narwold ,https://www.linkedin.com/in/karen-narwold-6093b9a,Karen Narwold ,https://www.linkedin.com/in/karen-narwold-6093b9a,https://www.albemarle.com/
Alcoa Corporation,"Renato Bacchi, CFA ",https://www.linkedin.com/in/renato-bacchi-cfa-6a14864,"Renato Bacchi, CFA ",https://www.linkedin.com/in/renato-bacchi-cfa-6a14864,https://www.alcoa.com
Alexco Resource Corp,Neil Chambers ,https://www.linkedin.com/in/neil-chambers-00993346,Tim Hall ,https://ca.linkedin.com/in/tim-hall-b5823120,https://www.alexcoresource.com
Alio Gold Inc.,"Colette Rustad, CPA (CA) ",https://ca.linkedin.com/in/colette-rustad,"Jason Gregg, BBA, MBA, CPHR ",https://ca.linkedin.com/in/jason-gregg-bba-mba-cphr-b4026126,https://www.aliogold.com
Allegheny Technologies Incorporated,Patricia Catania ,https://www.linkedin.com/in/patricia-catania-55698379,Kevin Ceraso ,https://www.linkedin.com/in/kevin-ceraso-494b6314b,https://www.atimetals.com/
"Almaden Minerals, Ltd.",Thomas Ullrich ,https://ca.linkedin.com/in/thomas-ullrich-807643116,Laurence Morris ,https://uk.linkedin.com/in/laurence-morris-8818657a,https://www.almadenminerals.com
Aluminum Corporation of China Limited,Xuqiang Lai ,https://uk.linkedin.com/in/xuqiang-lai-405a40179,Na Zhang ,https://au.linkedin.com/pub/na-zhang/3a/904/475?trk=biz_employee_pub,https://www.chalco.com.cn
"A-Mark Precious Metals, Inc.",Fraser Moncure ,https://www.linkedin.com/in/fraser-moncure-7abbb719,Kathleen Simpson,https://www.linkedin.com/in/kathleensimpsontaylor,https://www.amark.com
"Ameresco, Inc.",George Sakellaris ,https://www.linkedin.com/in/george-sakellaris-5697019,Leila Dillon ,https://www.linkedin.com/in/leila-dillon-016a6,https://www.ameresco.com
American Vanguard Corporation,"Joe Patierno, CPA ",https://www.linkedin.com/in/joe-patierno-cpa-aa2856b,Brett Meinsen ,https://www.linkedin.com/in/brett-meinsen-87374a4,https://www.american-vanguard.com
American Woodmark Corporation,Cary Dunston ,https://www.linkedin.com/in/cary-dunston-086166107,Rob Adams ,https://www.linkedin.com/in/rob-adams-1a89563,https://www.americanwoodmark.com
Americas Silver Corporation,Darren Blasutti ,https://www.linkedin.com/in/darren-blasutti-9a93734a/,Shawn Wilson ,https://ca.linkedin.com/in/shawn-wilson-1206b1b4,https://www.americassilvercorp.com
"Amyris, Inc.",John Melo ,https://www.linkedin.com/in/john-melo-a8b7605,Amoolya Singh ,https://www.linkedin.com/in/amoolyasingh,https://www.amyris.com
AngloGold Ashanti Limited,Mark Cutifani ,https://za.linkedin.com/in/mark-cutifani-a791b8a5,Philip Newton ,https://au.linkedin.com/in/philip-newton-6a656922,https://www.anglogold.com
"Aqua Metals, Inc.",Philip Newton ,https://au.linkedin.com/in/philip-newton-6a656922,Terri Bradfield ,https://au.linkedin.com/in/philip-newton-6a656922,https://www.aquametals.com
"Arcadia Biosciences, Inc.",Result Not Found,https://www.linkedin.com/in/terri-bradfield-a47ba289,Frank Flider ,https://www.linkedin.com/in/frank-flider-55080,https://www.arcadiabio.com
ArcelorMittal,Tapas Rajderkar ,https://www.linkedin.com/in/tapas-rajderkar-b29b2069,Gustavo (Gus) Gomes ,https://www.linkedin.com/in/gugomes,https://www.arcelormittal.com
"Argan, Inc.",Rainer Bosselmann ,https://www.linkedin.com/in/rainer-bosselmann-a95365b,"Young Kim, CPA ",https://www.linkedin.com/in/young-kim-cpa,https://www.arganinc.com
Asanko Gold Inc.,Peter Breese ,https://za.linkedin.com/in/peter-breese-51a8a582,Gerrie van der Westhuizen ,https://www.linkedin.com/in/gerrie-van-der-westhuizen-21765854,https://www.asanko.com
Asia Pacific Wire & Cable Corporation Limited,Result Not Found,No Results,David Sun ,https://tw.linkedin.com/in/david-sun-3807a130,https://www.apwcc.com
Attis Industries Inc.,Mark Schifani ,https://www.linkedin.com/in/mark-schifani-40984a8,Mark Schifani ,https://www.linkedin.com/in/mark-schifani-40984a8,https://www.mwsinc.com
Attis Industries Inc.,Mark Schifani ,https://www.linkedin.com/in/mark-schifani-40984a8,Mark Schifani ,https://www.linkedin.com/in/mark-schifani-40984a8,https://www.mwsinc.com
Auryn Resources Inc.,Bryan Atkinson ,https://www.linkedin.com/in/bryan-atkinson-1a631559,Jay Adelaar ,https://ca.linkedin.com/in/jay-adelaar-45632422,https://www.aurynresources.com
Avino Silver,Bill Bowker ,https://www.linkedin.com/in/bill-bowker-488365157,Charlie Daley ,https://www.linkedin.com/in/charlie-daley-9a75768,https://www.avino.com
Axalta Coating Systems Ltd.,stan harmer ,https://www.linkedin.com/in/stan-harmer-482b0615,stan harmer ,https://www.linkedin.com/in/stan-harmer-482b0615,https://www.axalta.com/
B2Gold Corp,Clive Johnson ,https://ca.linkedin.com/in/clive-johnson-933468170,Victor King ,https://www.linkedin.com/in/victor-king-a53a0815,https://www.b2gold.com
Balchem Corporation,eric smith ,https://www.linkedin.com/in/eric-smith-01122117,Brent Tignor ,https://www.linkedin.com/in/brent-tignor-0b73966,https://www.balchem.com
Barrick Gold Corporation,Bill MacNevin ,https://www.linkedin.com/in/bill-macnevin-a4a25b61,Ravi Malladi ,https://www.linkedin.com/in/ravi-malladi-60704b5,https://www.barrick.com
Belden Inc,John Stroup ,https://www.linkedin.com/in/john-stroup-60148a6,Tracey Grimshaw ,https://www.linkedin.com/in/traceygrimshaw,https://www.belden.com
BHP Group Limited,Duncan Hart ,https://kw.linkedin.com/pub/duncan-hart/0/367/aa8?trk=seokp-post-author-name,Result Not Found,No Results,https://www.bhp.com/
Bioceres Crop Solutions Corp.,Luis Figarella ,https://www.linkedin.com/in/luis-figarella-351197,Luis Figarella ,https://jm.linkedin.com/pub/luis-figarella/0/197/351?trk=seokp-post-author-name,https://www.unionacquisitioncorp.com
Braskem S.A.,Ian Rubin ,https://www.linkedin.com/in/ian-rubin-5927b610,Nick Sprague ,https://www.linkedin.com/in/nicksprague,https://www.braskem.com.br
Brookfield Business Partners L.P.,Denis Turcotte ,https://ca.linkedin.com/in/denis-turcotte-b2854413,Julian Murray ,https://ca.linkedin.com/in/murrayjulian,https://www.bbu.brookfield.com
Buenaventura Mining Company Inc.,Result Not Found,No Results,Result Not Found,No Results,https://www.buenaventura.com
Cabot Corporation,Ariel K. ,https://www.linkedin.com/in/arielkuan,Rob Davies ,https://www.linkedin.com/in/rob-davies-6a6013b,https://www.cabotcorp.com
Caledonia Mining Corporation Plc,40+ Adam Chester profiles ,https://ph.linkedin.com/pub/dir/Adam/Chester,"Adam Chester – General Counsel, Company Secretary and Head of ..",https://www.linkedin.com/in/adam-chester-6373bb46/de,https://www.caledoniamining.com
"Calyxt, Inc.",Federico Tripodi ,https://www.linkedin.com/in/federico-tripodi-5a6391,Jennifer Moore ,https://www.linkedin.com/in/jennifer-moore-42649111,https://www.calyxt.com
Cameco Corporation,Dorothy Slawinski ,https://ca.linkedin.com/in/dorothy-slawinski-21364943,Jonathan Huntington ,https://ca.linkedin.com/in/jonathan-huntington-820663155,https://www.cameco.com
Carlisle Companies Incorporated,Michael Roberson ,https://www.linkedin.com/in/michael-roberson-9b29787,Kevin Zdimal ,https://www.linkedin.com/in/kevin-zdimal-5b631b8,https://www.carlisle.com
Carpenter Technology Corporation,Tony Thene ,https://www.linkedin.com/in/tony-thene-8183a943,John Rice ,https://www.linkedin.com/in/johnlrice,https://www.cartech.com
"Cavco Industries, Inc.",Dan Urness ,https://www.linkedin.com/in/dan-urness-5b68a749,Steven Like ,https://www.linkedin.com/in/stevenlike,https://www.cavco.com
Celanese Corporation,Diana Peninger ,https://www.linkedin.com/in/dpeninger,Chuck Kyrish ,https://www.linkedin.com/in/chuck-kyrish-a003015,https://www.cleantecheast.se/
Centrus Energy Corp.,Stephen Greene ,https://www.linkedin.com/in/stephen-greene-8892631,Stephen Greene ,https://www.linkedin.com/in/stephen-greene-8892631,https://www.centrusenergy.com
Century Aluminum Company,Rob Hoffman ,https://www.linkedin.com/in/rob-hoffman-96275b2,Jesse Gary ,https://www.linkedin.com/in/jesse-gary-56855b6,https://www.centuryaluminum.com
"CF Industries Holdings, Inc.",Daniel Swenson ,https://www.linkedin.com/in/danielswenson,Daniel Swenson ,https://www.linkedin.com/in/danielswenson,https://www.cfindustries.com
"Charah Solutions, Inc.",David Clem ,https://www.linkedin.com/in/david-clem-4885aa51,David Clem ,https://www.linkedin.com/in/david-clem-4885aa51,N/A
Chemours Company (The),Pascal Rechatin 雷博思 ,https://in.linkedin.com/pub/pascal-rechatin-%E9%9B%B7%E5%8D%9A%E6%80%9D/7/954/7a,Kelly Scott ,https://www.linkedin.com/in/kelly-scott-778408b0,https://www.chemours.com
"China Advanced Construction Materials Group, Inc.",Michael Cui ,https://au.linkedin.com/in/michael-cui-59ba1368,王瀚 ,https://tr.linkedin.com/pub/%E7%80%9A-%E7%8E%8B/9a/6a6/432?trk=co-feed-likes-one,https://www.china-acm.com
"China Green Agriculture, Inc.",Jonnie Wang ,https://www.linkedin.com/in/jonnie-wang-a776747,Jonnie Wang ,https://www.linkedin.com/in/jonnie-wang-a776747,https://www.cgagri.com
"China Natural Resources, Inc.",100+ Norman profiles at China ,https://www.linkedin.com/pub/dir/Norman/+/china-company,100+ Norman profiles at China ,https://www.linkedin.com/pub/dir/Norman/+/china-company,https://www.chnr.net
"Church & Dwight Company, Inc.",Lisa A. Owens ,https://www.linkedin.com/in/lisa-a-owens-292b926,Curt Siverling ,https://www.linkedin.com/in/curt-siverling-8643b84,https://www.churchdwight.com
Ciner Resources LP,Kirk Milling ,https://www.linkedin.com/in/kirk-milling-a63b92130,Nicole Daniel ,https://www.linkedin.com/in/nicole-daniel-547b656,https://www.ciner.us.com
"Clean Harbors, Inc.",Paul Taveira ,https://www.linkedin.com/in/paul-taveira-4547763,Brett P. Dowsett ,https://www.linkedin.com/in/brett-p-dowsett-65a8a12,https://www.cleanharbors.com
Clearwater Paper Corporation,Linda Massman ,https://www.linkedin.com/in/linda-massman-065555103,Joanne Shufelt ,https://www.linkedin.com/in/joanne-shufelt-2a25373,https://www.clearwaterpaper.com
Cleveland-Cliffs Inc.,Jay Mackie ,https://www.linkedin.com/in/jay-mackie-35869726,Celso Goncalves ,https://www.linkedin.com/in/celso-goncalves-44251280,https://www.clevelandcliffs.com
"Codexis, Inc.",John Nicols ,https://www.linkedin.com/in/johnnicols,Rob Wilson ,https://www.linkedin.com/in/rob-wilson-6628b312,https://www.codexis.com/
"Coeur Mining, Inc.",Mitchell Krebs ,https://www.linkedin.com/in/mitchell-krebs-0789a710,Terrence Smith ,https://www.linkedin.com/in/terrence-smith-64125839,https://www.coeur.com
Commercial Metals Company,Joel Lindsay ,https://www.linkedin.com/in/joel-lindsay-039b664b,Chip Gooding ,https://www.linkedin.com/in/chip-gooding-2008095,https://www.cmc.com/
"Compass Minerals International, Inc.",Gary Gose ,https://www.linkedin.com/in/gary-gose-2a71a934,John Craft ,https://www.linkedin.com/in/john-craft-7900478,https://www.compassminerals.com
"Comstock Mining, Inc.",Corrado DeGasperis ,https://www.linkedin.com/in/corrado-degasperis-8167663,Clifford Nelson Jr. ,https://www.linkedin.com/in/clifford-nelson-jr-223b7a43,https://www.comstockmining.com
"Concrete Pumping Holdings, Inc.",Joe Del Toro ,https://www.linkedin.com/in/joedeltoro,Result Not Found,No Results,https://www.concretepumpingholdings.com/
Constellium N.V.,Rina Teran ,https://www.linkedin.com/in/reteran,Rina Teran ,https://www.linkedin.com/in/reteran,https://www.constellium.com
"Construction Partners, Inc.",Rollin M Wood ,https://www.linkedin.com/in/rollin-m-wood-79194041,Marci Wainwright ,https://www.linkedin.com/in/marciwainwright,https://www.constructionpartners.net
Corning Incorporated,Brendan Mosher ,https://www.linkedin.com/in/brendanmosher,Laura Coleman ,https://www.linkedin.com/in/laura-coleman-875456122,https://www.corning.com
Covanta Holding Corporation,Stephen Jones ,https://www.linkedin.com/in/stephen-jones-a62095a,Timothy Simpson ,https://www.linkedin.com/in/timothy-simpson-b84ba543,https://www.covanta.com
Covia Holdings Corporation,Campbell Jones ,https://www.linkedin.com/in/campbell-jones-9057a8b,Eric Westbrook ,https://www.linkedin.com/in/eric-westbrook-58b76823,N/A
"Crown Crafts, Inc.",Nanci Freeman ,https://www.linkedin.com/in/nanci-freeman-2067b513,Lynn Zhou ,https://www.linkedin.com/in/lynn-zhou-9b88238,https://www.crowncrafts.com
"CSW Industrials, Inc.",Chris Mudd ,https://www.linkedin.com/in/chrismudd,"Mary Burns, SPHR ",https://www.linkedin.com/in/mfburns,https://www.cswindustrials.com
CTI Industries Corporation,Jeff Hyland ,https://www.linkedin.com/in/jeff-hyland-4b9a053,Stephen Merrick ,https://www.linkedin.com/in/stephen-merrick-2773371a,https://www.ctiindustries.com
"Culp, Inc.","Teresa Huffman, MBA, SPHR ",https://www.linkedin.com/in/tahuffman,"Teresa Huffman, MBA, SPHR ",https://www.linkedin.com/in/tahuffman,https://www.culp.com
"CVR Partners, LP",Byron Kelley ,https://www.linkedin.com/in/byron-kelley-32075759,Neal Barkley ,https://www.linkedin.com/in/neal-barkley-198a85b6,https://www.cvrpartners.com
Denison Mine Corp,Result Not Found,No Results,Result Not Found,No Results,https://www.denisonmines.com
Domtar Corporation,Giannella Alvarez ,https://www.linkedin.com/in/giannellaalvarez,Razvan Theodoru ,https://www.linkedin.com/in/razvan-theodoru-6a341711,https://www.domtar.com
DowDuPont Inc.,Muaaz Tahir ,https://www.linkedin.com/pub/muaaz-tahir/59/189/257?trk=pub-pbmap,Abhijit Singh ,https://www.linkedin.com/in/abhijitsingh09,https://www.dow-dupont.com
DRDGOLD Limited,Niel Pretorius ,https://za.linkedin.com/in/niel-pretorius-a3691648,Mauritz Botha ,https://za.linkedin.com/in/mauritz-botha-17178378,N/A
"Dycom Industries, Inc.",Timothy Estes ,https://www.linkedin.com/in/timothy-estes-15a01611,Andrew H. DeFerrari ,https://www.linkedin.com/in/andrew-h-deferrari-46a9bb158,https://www.dycomind.com/
E.I. du Pont de Nemours and Company,Colin Patrick ,https://www.linkedin.com/in/colin-patrick-02684410,Dushyant Sood ,https://www.linkedin.com/in/dushyant-sood-178459147,N/A
E.I. du Pont de Nemours and Company,Colin Patrick ,https://www.linkedin.com/in/colin-patrick-02684410,Dushyant Sood ,https://www.linkedin.com/in/dushyant-sood-178459147,N/A
Eastman Chemical Company,Mark Costa ,https://www.linkedin.com/in/mark-costa-a42aa3ba,John Caviness ,https://www.linkedin.com/in/john-caviness-0a6511a,https://www.eastman.com/
Ecolab Inc.,Doug Baker ,https://www.linkedin.com/in/dougbakerjr,Joel Pasiuk ,https://www.linkedin.com/in/joelpasiuk,https://www.ecolab.com
Eldorado Gold Corporation,Sacha Roux ,https://ca.linkedin.com/in/sacha-roux-240a9a132,Jason Cho ,https://www.linkedin.com/in/jasoncho2,https://www.eldoradogold.com
Element Solutions Inc.,Scot Benson ,https://www.linkedin.com/in/scot-benson-4b090517,Carey Dorman ,https://www.linkedin.com/in/carey-dorman-04ba3528,https://www.elementsolutionsinc.com/
Emerge Energy Services LP,"Robby Myers, CFA ",https://www.linkedin.com/in/robby-myers-cfa-961875a,"Robby Myers, CFA ",https://www.linkedin.com/in/robby-myers-cfa-961875a,https://www.emergelp.com
EMX Royalty Corporation,Michael Sheehan ,https://www.linkedin.com/in/michael-sheehan-1066b524,Michael Sheehan ,https://www.linkedin.com/in/michael-sheehan-1066b524,https://www.emxroyalty.com
Endeavour Silver Corporation,David Howe ,https://gt.linkedin.com/in/david-howe-72a26222,David Howe ,https://gt.linkedin.com/in/david-howe-72a26222,https://www.edrsilver.com
Energy Fuels Inc,Joseph Dimauro ,https://www.linkedin.com/in/joseph-dimauro-95b43a14,Trey White ,https://www.linkedin.com/in/treyhwhite,https://www.energyfuels.com
EnPro Industries,Steve Macadam ,https://www.linkedin.com/in/steve-macadam-871bbb13,Larisa Joiner ,https://www.linkedin.com/in/larisa-joiner-97635713,https://www.enproindustries.com
Entree Resources Ltd.,Munkh Tulga ,https://www.linkedin.com/in/munkh-tulga-3414184b,Duane Lo ,https://ca.linkedin.com/in/duane-lo-1b845932,https://www.entreegold.com
"Enviva Partners, LP",John Keppler ,https://www.linkedin.com/in/johnkeppler,Stephen Reeves ,https://www.linkedin.com/in/stephen-reeves-a89a052a,https://www.envivapartners.com/
Evogene Ltd.,Assaf Oron ,https://il.linkedin.com/in/assaf-oron-a997b911,Arnon Heyman ,https://il.linkedin.com/in/arnon-heyman-29a9124,https://www.evogene.com
Ferro Corporation,Peter Thomas ,https://www.linkedin.com/in/peter-thomas-33712214,Joe Vitale ,https://www.linkedin.com/in/joevitalecle,https://www.ferro.com/
First Majestic Silver Corp.,Todd Anthony ,https://www.linkedin.com/in/todd-anthony-a601305,Todd Anthony ,https://www.linkedin.com/in/todd-anthony-a601305,N/A
Flexible Solutions International Inc.,Result Not Found,No Results,Result Not Found,No Results,https://www.flexiblesolutions.com
"Flotek Industries, Inc.",Donna Mayeaux ,https://www.linkedin.com/in/donna-mayeaux-50a25333,Cody Sutton ,https://www.linkedin.com/in/cody-sutton-2aa52469,https://www.flotekind.com
Fluor Corporation,Ferol Chandler ,https://www.linkedin.com/in/ferol-chandler-8a02918,Callie Coetser ,https://www.linkedin.com/in/callie-coetser-aab15748,https://www.fluor.com
FMC Corporation,Paul Graves ,https://www.linkedin.com/in/paul-graves-4058474a,Kyle Matthews ,https://www.linkedin.com/in/kyle-matthews-37625179,https://www.fmc.com
Fortuna Silver Mines Inc.,Andrew Kossowski ,https://www.linkedin.com/in/andrewkossowski,Tom Vehrs ,https://www.linkedin.com/in/tom-vehrs-94977a33,N/A
"Fortune Brands Home & Security, Inc.",Nicholas Fink ,https://www.linkedin.com/in/nicholas-fink-2043bb4,Nicholas Fink ,https://www.linkedin.com/in/nicholas-fink-2043bb4,https://www.fbhs.com
Franco-Nevada Corporation,David Harquail ,https://ca.linkedin.com/in/david-harquail-5b4866b6,Boris de Vries ,https://www.linkedin.com/in/boris-de-vries-57257b5,https://www.franco-nevada.com
"Freeport-McMoran, Inc.",Terri Pretlove ,https://www.linkedin.com/in/terri-pretlove-16b47412,Josh Olmsted ,https://www.linkedin.com/in/josh-olmsted-0434a42b,https://www.fcx.com
FutureFuel Corp.,Jordy Federko ,https://www.linkedin.com/in/jordy-federko-b1113531,Result Not Found,No Results,N/A
GCP Applied Technologies Inc.,Jamie Catlett ,https://www.linkedin.com/in/jamie-catlett-7847975b,Paul Donovan ,https://www.linkedin.com/in/paul-donovan-3468654,https://www.gcpat.com
"General Moly, Inc",Scott Roswell ,https://www.linkedin.com/in/scott-roswell-7512455,Scott Roswell ,https://www.linkedin.com/in/scott-roswell-7512455,https://www.generalmoly.com
"Gevo, Inc.",Frances Arnold ,https://www.linkedin.com/in/frances-arnold-b4992313,Glenn Johnston ,https://www.linkedin.com/in/glenn-johnston-06532010,https://www.gevo.com
Glatfelter,Anthony P. Campisi ,https://www.linkedin.com/in/anthony-p-campisi-21109a35,David Elder ,https://www.linkedin.com/in/david-elder-91a4815,https://www.glatfelter.com
Gold Fields Limited,Stuart Mathews ,https://au.linkedin.com/in/stuart-mathews-60563345,Stuart Mathews ,https://au.linkedin.com/in/stuart-mathews-60563345,https://www.goldfields.com
Gold Resource Corporation,David Reid ,https://www.linkedin.com/in/david-reid-88708746,Jessica Browne ,https://www.linkedin.com/in/jessica-browne-521a626,https://www.goldresourcecorp.com
Gold Standard Ventures Corporation,Result Not Found,No Results,Result Not Found,No Results,https://www.goldstandardv.com
Goldcorp Inc.,Tim Vipond ,https://ca.linkedin.com/in/timvipond,Wade Bristol ,https://www.linkedin.com/in/wade-bristol-41978bb1,https://www.goldcorp.com
Golden Minerals Company,Warren Rehn ,https://www.linkedin.com/in/warren-rehn-aa282456,Don Ratcliff ,https://www.linkedin.com/in/don-ratcliff-69b67112,https://www.goldenminerals.com
"Golden Star Resources, Ltd",Bruce Higson,https://www.linkedin.com/in/bruce-higson-smith-0514161a,"Jason Brooks, C.A. ",https://ca.linkedin.com/in/jason-brooks-c-a-41486526,https://www.gsr.com
Goldfield Corporation (The),Jessica Drew ,https://www.linkedin.com/in/jessica-drew-8554b7b1?trk=pub-pbmap,John Dougherty ,https://www.linkedin.com/in/john-dougherty-84977515,https://www.goldfieldcorp.com
Grana y Montero S.A.A.,Result Not Found,No Results,70+ perfiles de Carlos Neira en Perú ,https://bo.linkedin.com/pub/dir/Carlos/Neira/pe-0-Per%C3%BA,https://www.granaymontero.com.pe
Granite Construction Incorporated,"Jigisha Desai, CTP ",https://www.linkedin.com/in/jigisha-desai-ctp-592a763,"Jigisha Desai, CTP ",https://www.linkedin.com/in/jigisha-desai-ctp-592a763,https://www.graniteconstruction.com
Great Lakes Dredge & Dock Corporation,Lasse Petterson ,https://www.linkedin.com/in/lasse-petterson-239a0a98,David Johanson ,https://www.linkedin.com/in/david-johanson-889ab272,https://www.gldd.com
Great Panther Mining Limited,"Alex Heath, CFA ",https://ca.linkedin.com/in/alex-heath-cfa-vancouver,Luis Pablo Diaz ,https://www.linkedin.com/in/luis-pablo-diaz-77872819,https://www.greatpanther.com
Green Plains Partners LP,Patrich Simpkins ,https://www.linkedin.com/in/psimpkins,Clayton Killinger ,https://www.linkedin.com/in/clayton-killinger-60375212b,https://www.greenplainspartners.com
"Green Plains, Inc.",Herrah Wasim ,https://www.linkedin.com/in/herrah-wasim-6a7991156,Devin Mogler ,https://www.linkedin.com/in/devin-mogler-a2ab8213,https://www.gpreinc.com
"Grupo Simec, S.A. de C.V.",Brendan Myers ,https://www.linkedin.com/in/brendan-myers-21b14b15,Result Not Found,No Results,https://www.gsimec.com.mx
"Gulf Resources, Inc.",Richard Carrigg ,https://www.linkedin.com/in/richard-carrigg-162518ab,David Piercey ,https://www.linkedin.com/in/david-piercey-375ab437,https://www.gulfresourcesinc.com
H. B. Fuller Company,Jim Owens ,https://www.linkedin.com/in/jim-owens-1a50197,John Corkrean ,https://www.linkedin.com/in/john-corkrean-1672135a,https://www.hbfuller.com
Harmony Gold Mining Company Limited,Pine (P.C.) Pienaar ,https://www.linkedin.com/in/pine-p-c-pienaar-bb04b7a5,Vishnu Pillay ,https://www.linkedin.com/in/vishnu-pillay-6a4a2b27,https://www.harmony.co.za
Hecla Mining Company,Kevin Shiell ,https://www.linkedin.com/in/kevin-shiell-63525930,Kevin Shiell ,https://www.linkedin.com/in/kevin-shiell-63525930,https://www.hecla-mining.com
Hecla Mining Company,Result Not Found,https://www.linkedin.com/in/kevin-shiell-63525930,Kevin Shiell ,https://www.linkedin.com/in/kevin-shiell-63525930,N/A
"Heritage-Crystal Clean, Inc.",Greg Ray ,https://www.linkedin.com/in/greg-ray-2b417b9,Greg Ray ,https://www.linkedin.com/in/greg-ray-2b417b9,https://www.crystal-clean.com
Hexcel Corporation,Nick Stanage ,https://www.linkedin.com/in/nick-stanage-74665714,Russ Thurman ,https://www.linkedin.com/in/russ-thurman-08a15b23,https://www.hexcel.com
Hi-Crush Partners LP,James Whipkey ,https://www.linkedin.com/in/james-whipkey-5a9a2b49,Pam Butler ,https://www.linkedin.com/in/pam-butler-6b211411,https://www.hicrush.com
Hudbay Minerals Inc.,Alan Hair ,https://ca.linkedin.com/in/alan-hair-3a4791b,Peter Amelunxen ,https://www.linkedin.com/in/pamelunxen/,https://www.hudbayminerals.com
Huntsman Corporation,Peter Huntsman Jr ,https://www.linkedin.com/in/peter-huntsman-jr-4ab60166,Wade Rogers ,https://www.linkedin.com/in/wade-rogers-53646813,https://www.huntsman.com
Hydrogenics Corporation,Joseph Cargnelli ,https://ca.linkedin.com/in/joseph-cargnelli-6a2505a,Wido Westbroek ,https://ca.linkedin.com/in/wido-westbroek-48b323b,https://www.hydrogenics.com
Iamgold Corporation,Stephen Letwin ,https://ca.linkedin.com/in/stephenletwin,Alex Teijeira ,https://ca.linkedin.com/in/teijeira,https://www.iamgold.com
Ingevity Corporation,Hunter Harris ,https://www.linkedin.com/in/hunter-harris-22518115,David Flood ,https://www.linkedin.com/in/david-flood-2b4a384,https://www.ingevity.com
Innospec Inc.,Patrick S. Williams ,https://www.linkedin.com/in/patrick-s-williams-37933b51,Vali Jerome ,https://www.linkedin.com/in/vali-jerome-412582105,https://www.innospecinc.com
"Installed Building Products, Inc.",Richard Godsey ,https://www.linkedin.com/in/richard-godsey-946aab7,Pam Henson ,https://www.linkedin.com/in/pamhenson,https://www.installedbuildingproducts.com
"International Flavors & Fragrances, Inc.",Nicolas Mirzayantz ,https://www.linkedin.com/in/nicolas-mirzayantz-82a8924,Paul McSweeney ,https://www.linkedin.com/in/pmcsweeney,https://www.iff.com
"International Flavors & Fragrances, Inc.",Nicolas Mirzayantz ,https://www.linkedin.com/in/nicolas-mirzayantz-82a8924,Paul McSweeney ,https://www.linkedin.com/in/pmcsweeney,N/A
International Paper Company,Alan Clark ,https://www.linkedin.com/in/alan-clark-552a4b5,Clay Ellis ,https://www.linkedin.com/in/clay-ellis-ba216072,https://www.internationalpaper.com
International Tower Hill Mines Ltd,Don Ewigleben ,https://www.linkedin.com/in/donewigleben,Shirley Anthony ,https://www.linkedin.com/in/shirley-anthony-5a93348,https://www.ithmines.com
"Intrepid Potash, Inc",Hugh Harvey (Intrepid Potash) ,https://www.linkedin.com/in/hugh-harvey-intrepid-potash-57985718,Brian Frantz ,https://www.linkedin.com/in/brian-frantz-6b51a95,https://www.intrepidpotash.com
Israel Chemicals Shs,Result Not Found,No Results,Result Not Found,No Results,https://www.icl-group.com
Jacobs Engineering Group Inc.,Jeff Goldfarb ,https://www.linkedin.com/in/jeff-goldfarb-279aa73,Jeff Goldfarb ,https://www.linkedin.com/in/jeff-goldfarb-279aa73,https://www.jacobs.com
"JELD-WEN Holding, Inc.",Gary Michel ,https://www.linkedin.com/in/gary-michel-4b178a3,Brooks Mallard ,https://www.linkedin.com/in/brooks-mallard-21b9405,https://www.jeld-wen.com/
"KBR, Inc.",Ryan McKenney ,https://www.linkedin.com/in/ryan-mckenney-2244a03,Paul Fellows ,https://www.linkedin.com/in/paul-fellows-kbr-66361b63,https://www.kbr.com
Kinross Gold Corporation,Dan Brown ,https://www.linkedin.com/in/dan-brown-7a36a682,Nathan Longenecker ,https://www.linkedin.com/in/nathan-longenecker-1316922,https://www.kinross.com
Kirkland Lake Gold Ltd.,Christina Ouellette ,https://ca.linkedin.com/in/christina-ouellette-5380042a,Ray Yip ,https://ca.linkedin.com/in/ray-yip-a18a213,https://www.klgold.com
Koppers Holdings Inc.,Louis Testoni ,https://www.linkedin.com/in/louis-testoni-4936485,Brad Pearce ,https://www.linkedin.com/in/brad-pearce-160b46139,https://www.koppers.com
Kraton Corporation,Kevin M. Fogarty ,https://www.linkedin.com/in/kevin-m-fogarty-23b26a30,"James L ""Jay"" Simmons ",https://www.linkedin.com/in/james-l-jay-simmons-54a91ab9,https://www.kraton.com
Kronos Worldwide Inc,Jim Buch ,https://www.linkedin.com/in/jim-buch-32292313,Tim Hafer ,https://www.linkedin.com/in/tim-hafer-8b8422a,https://www.kronostio2.com
L.B. Foster Company,"James Maloney, CPA, MBA ",https://www.linkedin.com/in/james-maloney-cpa-mba-279095a,Brian Kelly ,https://www.linkedin.com/in/brian-kelly-944830,https://www.lbfoster.com
Legacy Housing Corporation,Adam Johnson ,https://www.linkedin.com/in/adam-johnson-143728139,Neal Suit ,https://www.linkedin.com/in/neal-suit-abb9042,https://www.legacyhousingcorp.com/
Lennar Corporation,Chris Marlin ,https://www.linkedin.com/in/chrismarlin,"Manny Murias, CCP, GRP ",https://www.linkedin.com/in/manny-murias-ccp-grp-41aa305,https://www.lennar.com
Lennar Corporation,Chris Marlin ,https://www.linkedin.com/in/chrismarlin,"Manny Murias, CCP, GRP ",https://www.linkedin.com/in/manny-murias-ccp-grp-41aa305,N/A
"Limbach Holdings, Inc.",Charles A. Bacon III ,https://www.linkedin.com/in/charles-a-bacon-iii-84374010,David Leathers ,https://www.linkedin.com/in/david-leathers-0219a4a,https://www.limbachinc.com
Linde plc,David Johnston ,https://www.linkedin.com/in/johnstondavid,Anne Roby ,https://www.linkedin.com/in/anne-roby-60132414,https://www.linmedia.com
Lithium Americas Corp.,Tom Hodgson ,https://ca.linkedin.com/in/tom-hodgson-13975111a,Brett Rabe ,https://www.linkedin.com/in/brett-rabe,N/A
Livent Corporation,Paul Graves ,https://www.linkedin.com/in/paul-graves-4058474a,Paul Graves ,https://www.linkedin.com/in/paul-graves-4058474a,https://www.livent.com/
"Loop Industries, Inc.","Leslie Murphy, CPA, CGMA ",https://www.linkedin.com/in/leslie-murphy-cpa-cgma-8908234,Zara Meliksetyan ,https://www.linkedin.com/pub/zara-meliksetyan/50/6b9/61a,https://www.loopindustries.com
Louisiana-Pacific Corporation,Brian Luoma ,https://www.linkedin.com/in/brian-luoma-38a50310,tim hartnett ,https://www.linkedin.com/in/tim-hartnett-46224934,https://www.lpcorp.com
Lsb Industries Inc.,tim hartnett ,https://www.linkedin.com/in/tim-hartnett-46224934,Crystal Miller ,https://www.linkedin.com/in/crystalschroeder09,https://www.lsbindustries.com
Luxfer Holdings PLC,Brian Purves ,https://www.linkedin.com/in/brian-purves-0ab8ba121,Heather Harding ,https://www.linkedin.com/in/heatherharding,https://www.luxfer.com
LyondellBasell Industries NV,Nance K. Dicciani ,https://www.linkedin.com/in/nance-k-dicciani-83186415,Larry Somma ,https://www.linkedin.com/in/larry-somma-8779934,https://www.lyb.com
MAG Silver Corporation,Result Not Found,No Results,Result Not Found,No Results,https://www.magsilver.com
"Marrone Bio Innovations, Inc.",Jim Boyd ,https://www.linkedin.com/in/jim-boyd-b6a59710,Jim Boyd ,https://www.linkedin.com/in/jim-boyd-b6a59710,https://www.marronebioinnovations.com
"Martin Marietta Materials, Inc.",Jim Boyd ,https://www.linkedin.com/in/jim-boyd-b6a59710,Jim Boyd ,https://www.linkedin.com/in/jim-boyd-b6a59710,https://www.martinmarietta.com
Masco Corporation,Keith Allman ,https://www.linkedin.com/in/keith-allman-71654956,Renee Straber ,https://www.linkedin.com/in/renee-straber-05836a12,https://www.masco.com
Masonite International Corporation,Donald C. Tyler ,https://www.linkedin.com/in/donaldtyler,James Llewellyn ,https://www.linkedin.com/in/james-llewellyn-4413385,https://www.masonite.com
"MasTec, Inc.",Pablo Alvarez ,https://www.linkedin.com/in/pablo-alvarez-6967104,Ben Gilbert ,https://www.linkedin.com/in/ben-gilbert-7283704a,https://www.mastec.com
Matrix Service Company,John Hewitt ,https://www.linkedin.com/in/john-hewitt-81b7549,Rick Bennett ,https://www.linkedin.com/in/rickjbennett,https://www.matrixservice.com
McEwen Mining Inc.,Stefan Spears ,https://ca.linkedin.com/in/stefanspears,"Nathan Stubina, FCIM ",https://www.linkedin.com/in/nathan-stubina-fcim-09b774b/,https://www.mcewenmining.com
"MDU Resources Group, Inc.",Anne Jones ,https://www.linkedin.com/in/anne-jones-a0647735,Mark Del Vecchio ,https://www.linkedin.com/in/mark-del-vecchio-60268b13,https://www.mdu.com
Mechel PAO,Diego Bezerra ,https://br.linkedin.com/in/diego-bezerra-32b73177,Lidia Gromova ,https://www.linkedin.com/in/lidia-gromova-aa23065b,https://www.mechel.com
Mercer International Inc.,Linda Welty ,https://www.linkedin.com/in/linda-welty-6900b79,"Darcy Daubaras, CPA, CA, CPA (Illinois) ",https://bv.linkedin.com/pub/darcy-daubaras-cpa-ca-cpa-illinois/6/8ab/8a5?trk=biz_employee_pub,https://www.mercerint.com
Mesabi Trust,"Lloyd O'Carroll, CFA ",https://www.linkedin.com/in/lloyd-o-carroll-cfa-4441b055,John Mazzarella ,https://www.linkedin.com/in/johnmazzarella/de,https://www.mesabi-trust.com
Methanex Corporation,John Floren ,https://www.linkedin.com/in/john-floren-b91b6234,Brad Boyd ,https://ca.linkedin.com/in/brad-boyd-32a821125,https://www.methanex.com
Minerals Technologies Inc.,Douglas Dietrich ,https://www.linkedin.com/in/douglas-dietrich-07205011,Tony Depalma ,https://www.linkedin.com/in/tony-depalma-26564a95,https://www.mineralstech.com
Mosaic Company (The),Adam Herges ,https://www.linkedin.com/in/adamherges,"Daniel Snead, PE ",https://www.linkedin.com/in/daniel-snead-pe-00b44545,https://www.mosaicco.com
Mountain Province Diamonds Inc.,Patrick Evans ,https://www.linkedin.com/in/patrick-evans-52aa918,"Tom E McCandless, Ph.D., P.Geo. ",https://ca.linkedin.com/in/tom-e-mccandless-ph-d-p-geo-1551a33b,https://www.mountainprovince.com
"MYR Group, Inc.",Doreen Keller ,https://www.linkedin.com/in/doreen-keller-17945b59,Jean Luber ,https://www.linkedin.com/in/jean-luber-1b92a2,https://www.myrgroup.com
"Neenah, Inc.",Mary Ann Palmer ,https://www.linkedin.com/in/mary-ann-palmer-9155a84a,Greg Burdick ,https://www.linkedin.com/in/greg-burdick-732942b,https://www.neenah.com
New Gold Inc.,Hannes Portmann ,https://ca.linkedin.com/in/hannes-portmann-784a498,Anne Day ,https://ca.linkedin.com/in/anneday1,https://www.newgold.com
"Newater Technology, Inc.",伟伟部长,https://cn.linkedin.com/in/%E9%83%A8%E9%95%BF-%E4%BC%9F%E4%BC%9F-30567417a,Abhas Kumar ,https://www.linkedin.com/in/abhas-kumar-bm17004pgdm201719,https://www.newater.cc
NewMarket Corporation,Maria Bagley ,https://www.linkedin.com/in/maria-bagley-92829142,Brian Paliotti ,https://www.linkedin.com/in/brian-paliotti-93b1717,https://www.newmarket.com
Newmont Mining Corporation,Nancy K. Buese ,https://www.linkedin.com/in/nancy-k-buese-79740910,Nicholas Cotts ,https://www.linkedin.com/in/nicholas-cotts-b52bb73,https://www.newmont.com
Nexa Resources S.A.,Renata Penna Moreira Gunzburger ,https://www.linkedin.com/in/renata-penna-moreira-gunzburger-852b1753,Renata Penna Moreira Gunzburger ,https://www.linkedin.com/in/renata-penna-moreira-gunzburger-852b1753,https://www.nexaresources.com
Nexgen Energy Ltd.,Leigh Curyer ,https://ca.linkedin.com/in/leigh-curyer-71642329,Travis McPherson ,https://ca.linkedin.com/in/travismcpherson,https://www.nexgenenergy.ca
"NL Industries, Inc.",Joseph Compofelice ,https://www.linkedin.com/in/joseph-compofelice-67a7862a,Courtney Riley ,https://www.linkedin.com/in/courtney-riley-b6351826,https://www.nl-ind.com
Norbord Inc.,Peter Wijnbergen ,https://ca.linkedin.com/in/peter-wijnbergen-b2772a57,Robert Fouquet ,https://www.linkedin.com/in/robert-fouquet-57651a4a,https://www.norbord.com
"Northern Dynasty Minerals, Ltd.",David E. De Witt ,https://ca.linkedin.com/in/david-e-de-witt-60941a48,Loretta Ford ,https://sg.linkedin.com/pub/loretta-ford/a/31a/88?trk=biz_employee_pub,https://www.northerndynastyminerals.com
Northwest Pipe Company,Richard Roman ,https://www.linkedin.com/in/richard-roman-1035b615,Kimsan Chan ,https://www.linkedin.com/in/kimsan-chan-b163693b,https://www.nwpipe.com
Novagold Resources Inc.,Douglas Nicholson ,https://www.linkedin.com/in/douglas-nicholson-90b6b433,Jerry Zieg ,https://www.linkedin.com/in/jerry-zieg-9905aa13,https://www.novagold.com
NRC Group Holdings Corp.,Result Not Found,No Results,Result Not Found,No Results,https://www.hennessycapllc.com
Nucor Corporation,Dan DiMicco ,https://www.linkedin.com/in/danrdimicco,Troy Brooks ,https://www.linkedin.com/in/troy-brooks-824aa367,https://www.nucor.com/
Nutrien Ltd.,"Sabrina Beauchamp, FCIA, CFA, MBA ",https://ca.linkedin.com/in/sabrina-beauchamp-fcia-cfa-mba-b5443939,Bruce Parker ,https://www.linkedin.com/in/bruce-parker-50a88661,https://www.ntr.dk/
Olin Corporation,John Sampson ,https://www.linkedin.com/in/john-sampson-b0262a8,John Sampson ,https://www.linkedin.com/in/john-sampson-b0262a8,https://www.olin.com
"Olympic Steel, Inc.",Rich Manson ,https://www.linkedin.com/in/rich-manson-45a8393,"Ruane, Frank ",https://www.linkedin.com/in/ruane-frank-b840899,https://www.olysteel.com
OMNOVA Solutions Inc.,"James L. Vaughn, Ph.D. ",https://www.linkedin.com/in/james-l-vaughn-ph-d-b110b26,Erin Hagen ,https://www.linkedin.com/in/erin-hagen-611a167,https://www.omnova.com
"Opiant Pharmaceuticals, Inc.",Kevin Pollack ,https://www.linkedin.com/in/kevin-pollack-83313b9,Kevin Pollack ,https://www.linkedin.com/in/kevin-pollack-83313b9,https://www.opiant.com
Optical Cable Corporation,James Mohler ,https://www.linkedin.com/in/james-mohler-3325966b,Shores Vincent ,https://www.linkedin.com/in/shores-vincent-7a315750,https://www.occfiber.com
Orchids Paper Products Company,Jeffrey Schoen ,https://www.linkedin.com/in/jeffrey-schoen-39476815,Mindy Bartel ,https://www.linkedin.com/in/mindy-bartel-199232158,https://www.orchidspaper.com
Orion Engineered Carbons S.A,Diana Downey ,https://www.linkedin.com/in/diana-downey-58524b9,Diana Downey ,https://www.linkedin.com/in/diana-downey-58524b9,https://www.orioncarbons.com
"Orion Group Holdings, Inc.",Mark Stauffer ,https://www.linkedin.com/in/mark-stauffer-5000553a,Robert Spencer ,https://www.linkedin.com/in/spencer-robert,https://www.orion.fi/
Osisko Gold Royalties Ltd,Steve Boucratie ,https://ca.linkedin.com/in/steve-boucratie-144a2185,Joseph de la Plante ,https://ca.linkedin.com/in/joseph-de-la-plante-1b501b31,N/A
"Ossen Innovation Co., Ltd.",Justin Viola ,https://www.linkedin.com/in/justin-viola-75bb6614b,Justin Viola ,https://www.linkedin.com/in/justin-viola-75bb6614b,https://www.osseninnovation.com
"Pacific Ethanol, Inc.",Neil Koehler ,https://www.linkedin.com/in/neil-koehler-966b0517b,Rob Olander ,https://www.linkedin.com/in/rob-olander-997527a,https://www.pacificethanol.net
Pan American Silver Corp.,Michael Steinmann ,https://ca.linkedin.com/in/michael-steinmann-a9296139,Monica Moretto ,https://ca.linkedin.com/in/monica-moretto-82580145,https://www.panamericansilver.com
Paramount Gold Nevada Corp.,John Seaberg ,https://www.linkedin.com/in/johnseaberg,John Seaberg ,https://www.linkedin.com/in/johnseaberg,https://www.paramountnevada.com
"Patrick Industries, Inc.",Josh Boone ,https://www.linkedin.com/in/joshuaaboone,Josh Boone ,https://www.linkedin.com/in/joshuaaboone,https://www.patrickind.com
"Perma-Fix Environmental Services, Inc.",Bill Carder ,https://www.linkedin.com/in/bill-carder-827a979,Tammy Monday ,https://www.linkedin.com/in/tammy-monday-27667338,https://www.perma-fix.com
Pershing Gold Corporation,Steve Alfers ,https://www.linkedin.com/in/steve-alfers-3b28b6175,Jack Perkins ,https://www.linkedin.com/in/perkinsjack,https://www.pershinggold.com
Platinum Group Metals Ltd.,R.Michael Jones ,https://ca.linkedin.com/in/r-michael-jones-a995bb15,Kris Begic ,https://ca.linkedin.com/in/kris-begic-77b4a044,https://www.platinumgroupmetals.net
Polymet Mining Corp.,Douglas Newby ,https://www.linkedin.com/in/douglas-newby-a2053814,Keith Smith ,https://www.linkedin.com/in/keith-smith-57133120,https://www.polymetmining.com
PolyOne Corporation,James Sloan ,https://www.linkedin.com/in/james-sloan-9a50b214,David Jarus ,https://www.linkedin.com/in/david-jarus-2a84224,https://www.polyone.com
POSCO,quoc nam ,https://www.linkedin.com/in/quoc-nam-05ab75102,"Lynnette Giacobazzi, CSCP ",https://www.linkedin.com/in/lynnette-giacobazzi-cscp-9435b37,https://www.posco.com
"PPG Industries, Inc.",Vince Morales ,https://www.linkedin.com/in/vince-morales-365ba418,Vince Morales ,https://www.linkedin.com/in/vince-morales-365ba418,https://www.ppg.com
PQ Group Holdings Inc.,Brooke J. Day ,https://www.linkedin.com/in/brooke-j-day-8a8a89aa,Brooke J. Day ,https://www.linkedin.com/in/brooke-j-day-8a8a89aa,https://www.pqcorp.com/
Preformed Line Products Company,Mike Martin ,https://www.linkedin.com/in/mike-martin-a2261248,Michael Weisbarth ,https://www.linkedin.com/in/michael-weisbarth-2209b0b,https://www.preformed.com
"Pretium Resources, Inc.",Joe Ovsenek ,https://ca.linkedin.com/in/joe-ovsenek-9ab85369,Kevin Torpy ,https://www.linkedin.com/in/kevintorpy,https://www.pennvirginia.com
Primoris Services Corporation,David King ,https://www.linkedin.com/in/david-king-515bb22b,Glen Welch ,https://www.linkedin.com/in/glen-welch-44285022,https://www.prim.com
Procter & Gamble Company (The),Top 25 Yuri profiles at Procter,https://www.linkedin.com/pub/dir/Yuri/+/procter-&-gamble-company,Jodi Graham ,https://www.linkedin.com/in/jodigraham1,https://www.pginvestor.com
Quaker Chemical Corporation,Michael Barry ,https://www.linkedin.com/in/michael-barry-382b9814,Ron Ettinger ,https://www.linkedin.com/in/ron-ettinger-aa213a12,https://www.quakerchem.com
Rayonier Advanced Materials Inc.,Jay Posze ,https://www.linkedin.com/in/jay-posze-9994859,Jay Posze ,https://www.linkedin.com/in/jay-posze-9994859,https://www.rayonieram.com
Reliance Steel & Aluminum Co.,Suzie Bonner ,https://www.linkedin.com/in/suzie-bonner-7b7540b,Laura Marowitz ,https://www.linkedin.com/in/laura-marowitz-b410721a,https://www.rsac.com/
"Renewable Energy Group, Inc.",Jeff Stroburg ,https://www.linkedin.com/in/jeff-stroburg-589153a8,Brad Albin ,https://www.linkedin.com/in/brad-albin-18b40b15,https://www.regi.com
Resolute Forest Products Inc.,Jim W. Brown ,https://www.linkedin.com/in/jwbrown1,Scott Palmer ,https://www.linkedin.com/in/scott-palmer-525564a,https://www.resolutefp.com
REX American Resources Corporation,Zafar Rizvi ,https://www.linkedin.com/in/zafar-rizvi-07a27910,Roger Baldwin ,https://www.linkedin.com/in/roger-baldwin-410b0310,N/A
Rio Tinto Plc,Simone Niven ,https://uk.linkedin.com/in/simone-niven-4284ba65,Eric Turner ,https://uk.linkedin.com/in/eric-turner-852091b,https://www.riotinto.com
Rogers Corporation,Bruce Hoechner ,https://www.linkedin.com/in/bruce-hoechner-60848414,Jay Knoll ,https://www.linkedin.com/in/jay-knoll-30bb1911,https://www.rogerscorp.com
"Royal Gold, Inc.",Sheikh Bassirou Kante ,https://www.linkedin.com/in/sheikh-bassirou-kante-286aa338,Bill Heissenbuttel ,https://www.linkedin.com/in/bill-heissenbuttel-62466215,https://www.royalgold.com
RPM International Inc.,Frank Sullivan ,https://www.linkedin.com/in/frank-sullivan-177b0a92,Lonny DiRusso ,https://www.linkedin.com/in/lonny-dirusso-77aa3749,https://www.rpminc.com
Ryerson Holding Corporation,Edward Lehner ,https://www.linkedin.com/in/edward-lehner-9962b67,Mark Silver ,https://www.linkedin.com/in/mark-silver-849b094,https://www.ir.ryerson.com/
Sandstorm Gold Ltd,David Awram ,https://ca.linkedin.com/in/david-awram-b2996a84,"Denver Harris, CFA, CPHR ",https://ca.linkedin.com/in/denverh,https://www.sandstormgold.com
"Schweitzer-Mauduit International, Inc.",Wilfred Martinez ,https://www.linkedin.com/in/wilfredmartinez,Joseph Couture ,https://www.linkedin.com/in/joseph-couture-3ab72123,https://www.swmintl.com/
Scotts Miracle-Gro Company (The),Stephanie Alvis ,https://www.linkedin.com/in/stephanie-alvis-1bb4707,Rob Lamp ,https://www.linkedin.com/in/rob-lamp-698a541a,https://www.scottsmiraclegro.com
"Seabridge Gold, Inc.",Peter Williams ,https://www.linkedin.com/in/peter-williams-1342b042,Peter Williams ,https://www.linkedin.com/in/peter-williams-1342b042,https://www.seabridgegold.net
Sealed Air Corporation,Ted Doheny ,https://www.linkedin.com/in/ted-doheny,Brian Luburgh ,https://www.linkedin.com/in/brian-luburgh-64336bb,https://www.sealedair.com
"Select Interior Concepts, Inc.",Brandon C. Blewett ,https://www.linkedin.com/in/brandoncblewett,Brandon C. Blewett ,https://www.linkedin.com/in/brandoncblewett,https://www.selectinteriorconcepts.com
"SenesTech, Inc.",Kim Wolin ,https://www.linkedin.com/in/kim-wolin-59937024,Kim Wolin ,https://www.linkedin.com/in/kim-wolin-59937024,https://www.senestech.com
Sensient Technologies Corporation,Paul Manning ,https://www.linkedin.com/in/paul-manning-1340562,Amy Agallar ,https://www.linkedin.com/in/amy-agallar-2320077,https://www.sensient.com
Sharps Compliance Corp.,David P. Tusa ,https://www.linkedin.com/in/davidptusa,David P. Tusa ,https://www.linkedin.com/in/davidptusa,https://www.sharpsinc.com
Sibanye Gold Limited,Freddie Nortje ,https://www.linkedin.com/in/freddie-nortje-248735117,Phillip Jacobs ,https://www.linkedin.com/in/phillip-jacobs-6b592a6,N/A
Sierra Metals Inc.,Daniel Tellechea S ,https://www.linkedin.com/in/daniel-tellechea-s-67b92498,Ed Guimaraes ,https://www.linkedin.com/in/ed-guimaraes-71bb82a6,https://www.somanetics.com
Silvercorp Metals Inc.,Gord Neal ,https://ca.linkedin.com/in/gord-neal-78594716,Jim Yin ,https://www.linkedin.com/in/jim-yin-33b13139,https://www.silvercorpmetals.com
SilverCrest Metals Inc.,Chris Ritchie ,https://www.linkedin.com/in/chris-ritchie-238950b3,Salvador Aguayo ,https://www.linkedin.com/in/salvador-aguayo-b6568218,https://www.silvercrestmetals.com/
"SINOPEC Shangai Petrochemical Company, Ltd.",Result Not Found,No Results,Result Not Found,"International Business Personnel Trainer & Foreign Expert Trainer. Sinopec Shanghai Petrochemical Company, Ltd (SPC) Training Center & Shanghai Pacican ...",https://www.spc.com.cn
Skyline Champion Corporation,Richard W. Florea ,https://www.linkedin.com/in/richardflorea,Tim Burkhardt ,https://www.linkedin.com/in/tim-burkhardt-2b878b13,https://www.skylinecorp.com
"Smart Sand, Inc.",Taylor Ollenburg ,https://www.linkedin.com/in/taylor-ollenburg-87896aa5,Ronald Whelan ,https://www.linkedin.com/in/ronald-whelan-b9369a24,https://www.smartsand.com
Sociedad Quimica y Minera S.A.,Timothy Uwemedimo ,https://uk.linkedin.com/in/timothyuwemedimo/es,Result Not Found,No Results,N/A
Solitario Zinc Corp.,Debbie Mino,https://www.linkedin.com/in/debbie-mino-austin-64510aa,Debbie Mino,https://www.linkedin.com/in/debbie-mino-austin-64510aa,https://www.solitarioresources.com
Southern Copper Corporation,Piero Sattui ,https://pe.linkedin.com/in/psattui,Stan Keegan ,https://www.linkedin.com/in/stan-keegan-04818920,https://www.southerncoppercorp.com
SSR Mining Inc.,Duane Peck ,https://www.linkedin.com/in/duane-peck-4bba8925,Nadine Block ,https://www.linkedin.com/in/nadine-block-32995b14,https://www.ssrmining.com
"Steel Dynamics, Inc.",Andreas Russ ,https://www.linkedin.com/in/andreas-russ-786316138,Matthew Peters ,https://www.linkedin.com/in/matthew-peters-60697b7,https://www.steeldynamics.com/
Stepan Company,Robert Krueger ,https://www.linkedin.com/in/robert-krueger-0537603,Kyle Montgomery ,https://www.linkedin.com/in/kyle-montgomery-23822363,https://www.stepan.com/
"Stericycle, Inc.",Charles Alutto ,https://www.linkedin.com/in/charles-alutto-19470254,Joseph DeMarco ,https://www.linkedin.com/in/josephdemarco,https://www.stericycle.com/
Sterling Construction Company Inc,Joseph Cutillo ,https://www.linkedin.com/in/joseph-cutillo-310971a,Nick Kakasenko ,https://www.linkedin.com/in/nick-kakasenko-a8aa857,https://www.strlco.com
"Summit Materials, Inc.",Anne Cooney ,https://www.linkedin.com/in/anne-cooney-4765a054,Anne Cooney ,https://www.linkedin.com/in/anne-cooney-4765a054,https://www.summit-materials.com
"SunCoke Energy Partners, L.P.",Alvin (Al) Bledsoe ,https://www.linkedin.com/in/alvin-al-bledsoe-988a5918,Alvin (Al) Bledsoe ,https://www.linkedin.com/in/alvin-al-bledsoe-988a5918,https://www.suncoke.com
"SunCoke Energy, Inc.",Alvin (Al) Bledsoe ,https://www.linkedin.com/in/alvin-al-bledsoe-988a5918,Katherine Gates ,https://www.linkedin.com/in/katherine-gates-09b87b133,https://www.suncoke.com
Suzano Papel e Celulose S.A.,Leomar Antonio Mandelli ,https://www.linkedin.com/pub/leomar-antonio-mandelli/37/126/a54,Eduardo José de Mello ,https://br.linkedin.com/in/eduardo-jos%C3%A9-de-mello-18273a21,N/A
Synalloy Corporation,Craig Bram ,https://www.linkedin.com/in/craig-bram-2b906536,Rick Sieradzki ,https://www.linkedin.com/in/rick-sieradzki-799a1270,https://www.synalloy.com/
"Synthesis Energy Systems, Inc.",Robert Rigdon ,https://www.linkedin.com/in/robert-rigdon-b6b87111,John Winter ,https://www.linkedin.com/in/john-winter-6a789bb,https://www.synthesisenergy.com
Tantech Holdings Ltd.,Mars Pu ,https://www.linkedin.com/in/mars-pu-3a8378ba,Jing Jin ,https://cn.linkedin.com/in/jing-jin-0bb241120,https://www.tantech.cn
Tanzanian Royalty Exploration Corporation,Joseph Kahama ,https://tz.linkedin.com/in/joseph-kahama-59177b4b,Riaan van der Westhuizen ,https://ng.linkedin.com/in/riaan-van-der-westhuizen-78383537,https://www.tanzanianroyalty.com
Taseko Mines Limited,Ronald Thiessen ,https://ca.linkedin.com/in/ronald-thiessen-bb431b21,John McManus ,https://ca.linkedin.com/in/john-mcmanus-00a38b63,https://www.tasekomines.com
Teck Resources Ltd,Kalev Ruberg ,https://ca.linkedin.com/in/kalev-ruberg-909a1510,Kalev Ruberg ,https://ca.linkedin.com/in/kalev-ruberg-909a1510,https://www.teck.com
Tenaris S.A.,Alberto Iperti ,https://www.linkedin.com/in/alberto-iperti-a4424162/,Lucas Pigliacampo ,https://www.linkedin.com/in/lucas-pigliacampo-b5895626,https://www.tenaris.com
Ternium S.A.,Javier Marti ,https://ar.linkedin.com/in/martijavier/en,Joseph Berryhill ,https://www.linkedin.com/in/wjberryhill,https://www.ternium.com
The AES Corporation,Andrés Gluski ,https://www.linkedin.com/in/agluski,Hugo Vasquez ,https://www.linkedin.com/in/hugo-vasquez-7241b64,https://www.aes.com
TimkenSteel Corporation,Dean Devine ,https://www.linkedin.com/in/dean-devine-5659ab3a,Kevin Raketich ,https://www.linkedin.com/in/kevin-raketich-0986776,https://www.timkensteel.com
"Titan International, Inc.",Paul Reitz ,https://www.linkedin.com/in/paul-reitz-7869023,Kim Boccardi ,https://www.linkedin.com/in/kboccardi,https://www.titan-intl.com
TopBuild Corp.,Jerry Volas ,https://www.linkedin.com/in/jerry-volas-33001a132,Brad Manning ,https://www.linkedin.com/in/bradsmanning,https://www.baldwintech.com
"Trex Company, Inc.",Daniel Kelly ,https://www.linkedin.com/in/daniel-kelly-9bb124134,Shellie Sellards ,https://www.linkedin.com/in/shellie-sellards-5161434,https://www.trex.com
Trilogy Metals Inc.,Casey Lunn ,https://www.linkedin.com/pub/casey-lunn/69/383/79b,Diana Walters ,https://www.linkedin.com/in/diana-walters-2a7176b,https://www.trilogymetals.com
Trinseo S.A.,Angelo Chaclas ,https://www.linkedin.com/in/angelo-chaclas-50540221,Angelo Chaclas ,https://www.linkedin.com/in/angelo-chaclas-50540221,https://www.trinseo.com
Tronox Limited,Jeffry Quinn ,https://www.linkedin.com/in/jeffry-quinn-88b2081a,D. John Srivisal ,https://www.linkedin.com/in/d-john-srivisal-9b0a2a18,https://www.tronox.com
Turquoise Hill Resources Ltd.,Marie,https://ca.linkedin.com/in/marie-eve-goulet-054b852a,Salma Hussain ,https://ca.linkedin.com/in/salma-hussain-137763178,https://www.turquoisehill.com
Tutor Perini Corporation,Leonard Rejcek ,https://www.linkedin.com/in/leonard-rejcek-b39198144,John Barrett ,https://www.linkedin.com/in/john-barrett-b32b8041,https://www.tutorperini.com
"U.S. Silica Holdings, Inc.",Karina Amelang ,https://www.linkedin.com/in/karina-amelang-6aba2511,Karina Amelang ,https://www.linkedin.com/in/karina-amelang-6aba2511,https://www.ussilica.com
Unilever NV,Kees Kruythoff – President Home Care at Unilever – Unilever ..,https://www.linkedin.com/in/keeskruythoff/de,Sebastian Munden ,https://uk.linkedin.com/in/sebastian-munden-b8ab643a,https://www.unilever.com/
Unilever PLC,Robert Clarke ,https://ke.linkedin.com/in/robert-clarke-97227a2a,BV Pradeep ,https://uk.linkedin.com/in/bv-pradeep-4ab2585,https://www.unilever.com
"United States Lime & Minerals, Inc.",Nita Mitchell ,https://www.linkedin.com/in/nita-mitchell-1344a79,Dave Leymeister ,https://www.linkedin.com/in/dave-leymeister-5833877,https://www.uslm.com
United States Steel Corporation,Sarados Milios ,https://www.linkedin.com/in/saradosmilios,Lia Romano ,https://www.linkedin.com/in/lia-romano-83a297114,https://www.ussteel.com
"Universal Forest Products, Inc.",Mark H. ,https://www.linkedin.com/in/mark-h-518490a,Joe McGuire ,https://www.linkedin.com/in/joe-mcguire-2578501b,https://www.ufpi.com/
"Universal Stainless & Alloy Products, Inc.",Dennis Oates ,https://www.linkedin.com/in/dennis-oates-75a3015,Dennis Oates ,https://www.linkedin.com/in/dennis-oates-75a3015,https://www.univstainless.com
Ur Energy Inc,Bill Boberg ,https://www.linkedin.com/in/bill-boberg-bab0276,John Cash ,https://www.linkedin.com/in/john-cash-774b30143,https://www.ur-energy.com
Uranium Energy Corp.,Amir Adnani ,https://ca.linkedin.com/in/amir-adnani-7a65aba,Clyde Yancey ,https://www.linkedin.com/in/clyde-yancey-b3398b23,https://www.uraniumenergy.com
"Urban Tea, Inc.",Result Not Found,No Results,Result Not Found,No Results,https://www.deltath.com
VALE S.A.,Joaquim Vale ,https://pt.linkedin.com/in/joaquim-vale-6b7990a,Paulo Dangelo ,https://www.linkedin.com/in/paulo-dangelo-b0647813,https://www.vale.com
"Valhi, Inc.",Mary Tidlund ,https://ca.linkedin.com/in/mary-tidlund-83732019,Amy Samford ,https://www.linkedin.com/in/amy-samford-46306077,https://www.valhi.net
Valvoline Inc.,Amy Samford ,https://www.linkedin.com/in/amy-samford-46306077,Matt Furcolo ,https://www.linkedin.com/in/matt-furcolo-85269a48,https://www.valvoline.com
Venator Materials PLC,Valter Musso ,https://www.linkedin.com/in/valter-musso,Russ Stolle ,https://www.linkedin.com/in/russ-stolle-7b9165100,https://www.venatorcorp.com/
Verso Corporation,Christopher DiSantis ,https://www.linkedin.com/in/christopher-disantis,Paul Clancy ,https://www.linkedin.com/in/paul-clancy-bba06013,https://www.versoco.com/
"Versum Materials, Inc.",James Bloom ,https://www.linkedin.com/in/james-bloom-77774975,Jessica Feather,https://www.linkedin.com/in/jessica-feather-bowman-a6203116,https://www.versummaterials.com/
Vista Gold Corporation,Greg Marlier ,https://www.linkedin.com/in/greg-marlier-24743566,"Warren Bates, P. Geo ",https://ca.linkedin.com/in/warren-bates-p-geo-3a92462b,https://www.vistagold.com
Vulcan Materials Company,Dean Sunas ,https://www.linkedin.com/in/dean-sunas-1b79b04a,Wes Burton ,https://www.linkedin.com/in/wes-burton-708678a,https://www.vulcanmaterials.com
W.R. Grace & Co.,David Cantrell ,https://www.linkedin.com/in/davidcantrell7,Jag Reddy ,https://www.linkedin.com/in/jagreddy,https://www.grace.com
WD-40 Company,Garry Ridge ,https://www.linkedin.com/in/garryridge,Wende Oliverio ,https://www.linkedin.com/in/wendeoliverio,https://www.wd40company.com
"West Pharmaceutical Services, Inc.",Betty Ryberg ,https://www.linkedin.com/in/betty-ryberg-60961310,David Montecalvo ,https://www.linkedin.com/in/david-montecalvo-45391420,https://www.westpharma.com
Western Copper and Gold Corporation,Paul West,https://ca.linkedin.com/in/paul-west-sells-596ab424,Paul West,https://ca.linkedin.com/in/paul-west-sells-596ab424,https://www.westerncopperandgold.com/
Westlake Chemical Corporation,"Donald M. Condon, Jr. ",https://www.linkedin.com/in/donald-m-condon-jr-4215117b,Steven Bender ,https://www.linkedin.com/in/steven-bender-40620013,https://www.westlake.com
Westlake Chemical Partners LP,Jeff Holy ,https://www.linkedin.com/in/jeff-holy-9854785,Jeff Holy ,https://www.linkedin.com/in/jeff-holy-9854785,https://www.wlkpartners.com
"Westwater Resources, Inc.",Chris Jones ,https://www.linkedin.com/in/chris-jones-14263122,"Dain McCoig, PE ",https://www.linkedin.com/in/dain-mccoig-pe-5701b611,https://www.westwaterresources.net
Wheaton Precious Metals Corp.,Randy Smallwood ,https://ca.linkedin.com/in/randy-smallwood-39092b17,Nicholas Teasdale ,https://www.linkedin.com/in/nteasdale,https://www.wheatonpm.com/
Xinyuan Real Estate Co Ltd,Dan Gilles ,https://www.linkedin.com/in/dfgilles,John Liang ,https://www.linkedin.com/in/johnzliang,https://www.xyre.com
Yamana Gold Inc.,Paul Buchanan ,https://www.linkedin.com/in/paul-buchanan-494b1123,Nelson Munhoz ,https://www.linkedin.com/in/nelson-munhoz-93229618,https://www.yamana.com
"Yield10 Bioscience, Inc.",Chuck Haaser ,https://www.linkedin.com/in/chuck-haaser-201b9bb,Lynne Brum ,https://www.linkedin.com/in/lynnebrum,https://www.yield10bio.com