Company,CEO,CEO Linkedin Profile,Vice President,Vice President Linkedin Profile
"22nd Century Group, Inc",Henry Sicignano III ,https://www.linkedin.com/in/henry-sicignano-iii-026b0236,Michael Moynihan ,https://www.linkedin.com/in/michael-moynihan-93410a14
Acushnet Holdings Corp.,"Breanna Tyson, CPA ",https://www.linkedin.com/in/breanna-tyson-cpa-6149a522,Eric Soderlund ,https://www.linkedin.com/in/eric-soderlund-501946129
Adecoagro S.A.,Esteban Figueroa ,https://ar.linkedin.com/in/esteban-figueroa-8abb8651,Marcia Barneche ,https://ar.linkedin.com/in/marcia-barneche-ba75a8132
"Alico, Inc.",John Kiernan ,https://www.linkedin.com/in/cfojohnkiernan,Bob Kelley ,https://www.linkedin.com/in/dubrk1
Altria Group,Brian Quigley ,https://www.linkedin.com/in/brian-quigley,Dan Cornell ,https://www.linkedin.com/in/dan-cornell-50352834
Amalgamated Bank,Keith Mestrich ,https://www.linkedin.com/in/keith-mestrich-a564269,Bierkis De Leon ,https://www.linkedin.com/in/bierkis-de-leon-100a3934
Ambev S.A.,Claudio Garcia ,https://www.linkedin.com/in/claudio-garcia-01066051,Claudio Garcia ,https://www.linkedin.com/in/claudio-garcia-01066051
AMCON Distributing Company,Andy Plummer ,https://www.linkedin.com/in/andy-plummer-989aa53,Chuck Schmaderer ,https://www.linkedin.com/in/chuckschmaderer
Amira Nature Foods Ltd,Bruce Wacha ,https://www.linkedin.com/in/bruce-wacha-7b062ba4,Bruce Wacha ,https://www.linkedin.com/in/bruce-wacha-7b062ba4
Anheuser-Busch Inbev SA,Edzo Wisman ,https://uk.linkedin.com/in/edzowisman,James Brickey ,https://www.linkedin.com/in/jamesbrickey
Anixter International Inc.,Ted Dosch ,https://www.linkedin.com/in/ted-dosch-9660069,Ted Dosch ,https://www.linkedin.com/in/ted-dosch-9660069
"AptarGroup, Inc.",Stephan Tanda ,https://www.linkedin.com/in/stephantanda,Antonio D&#39;Alessandro ,https://www.linkedin.com/in/antonio-d-alessandro-0b4a0232
Archer-Daniels-Midland Company,Joseph Taets ,https://www.linkedin.com/in/joseph-taets-44229611a,PAUL W. NIELANDER ,https://www.linkedin.com/in/paulwnielander
"Arcimoto, Inc.",David Boyd ,https://www.linkedin.com/in/david-boyd-516a383,Jesse Fittipaldi ,https://www.linkedin.com/in/jesse-fittipaldi-109647105
"Arlo Technologies, Inc.",Matthew McRae ,https://www.linkedin.com/in/mbmcrae,Scott McManigal ,https://www.linkedin.com/in/scottmcmanigal
"Armstrong Flooring, Inc.",Don Maier ,https://www.linkedin.com/in/don-maier-5968656,Deb Lechner ,https://www.linkedin.com/in/deb-lechner-71457b3
Armstrong World Industries Inc,Don Maier ,https://www.linkedin.com/in/don-maier-5968656,Susan Rhoades ,https://www.linkedin.com/in/susan-rhoades-527938a
"Arrow Electronics, Inc.",Mike Calabria ,https://www.linkedin.com/in/mikecalabria,Ben Klay ,https://www.linkedin.com/in/ben-klay-b7490328
"Avnet, Inc.",Aviv Leshem ,https://il.linkedin.com/in/aviv-leshem-8a07614,Jim Azzinaro ,https://www.linkedin.com/in/jim-azzinaro-85789813
"Avon Products, Inc.",Linda LoRe ,https://www.linkedin.com/in/linda-lore-69040017,Gina Calvario Fitzsimons ,https://www.linkedin.com/in/gina-calvario-fitzsimons-55469b3
"B&G Foods, Inc.",Robert Cantwell ,https://www.linkedin.com/in/robert-cantwell-02884711,Vanessa Maskal ,https://www.linkedin.com/in/vanessa-maskal-aa17251b
"Berry Global Group, Inc.",Christine Hanson ,https://www.linkedin.com/in/christine-hanson-b86a0014,Bobby Stead ,https://www.linkedin.com/in/bobby-stead-82535a14
"Boston Beer Company, Inc. (The)",Result Not Found,No Results,Result Not Found,No Results
Brasilagro Cia Brasileira De Propriedades Agricolas,Julio Toledo Piza ,https://www.linkedin.com/in/julio-toledo-piza-96411a10a,Rafael Tapetti ,https://br.linkedin.com/in/rafael-tapetti-0a0aa060
BRF S.A.,Damba Sowe ,https://www.linkedin.com/in/damba-sowe-58b171168,Juhui Huang ,https://cn.linkedin.com/in/juhui-huang-58903612
Bridgford Foods Corporation,John Simmons ,https://www.linkedin.com/in/john-simmons-52072739,Richard Bridgford ,https://www.linkedin.com/in/richard-bridgford-478146123
"BrightView Holdings, Inc.","Roy Nir, CPA ",https://www.linkedin.com/in/roynir,Brett Urban ,https://www.linkedin.com/in/brett-urban-9552237
British American Tobacco p.l.c.,Ricardo Oberlander ,https://www.linkedin.com/in/ricardo-oberlander-0038965,Adi Trbonja ,https://uk.linkedin.com/in/adi-trbonja-08a8383
Bunge Limited,Alberto Weisser ,https://www.linkedin.com/in/alberto-weisser-726bb130,"Matt Simmons, CPA ",https://www.linkedin.com/in/mattsimmonscpa
"Calavo Growers, Inc.",Eyvonne Ortega ,https://www.linkedin.com/in/eyvonne-ortega-51023974,Rob Wedin ,https://www.linkedin.com/in/rob-wedin-b5151150
"Caleres, Inc.",Dawn Mason ,https://www.linkedin.com/in/dawn-mason-457176109,James Hanna ,https://www.linkedin.com/in/jameshanna2
Callaway Golf Company,Donald Dye ,https://www.linkedin.com/in/donald-dye-b0b46210,Julie Maloy ,https://www.linkedin.com/in/julie-maloy-11a64b4?trk=prof-samename-picture
"Cal-Maine Foods, Inc.",Tim Dawson ,https://www.linkedin.com/in/tim-dawson-a12a0211,Mike Castleberry ,https://www.linkedin.com/in/mike-castleberry-28508218
Campbell Soup Company,Denise Morrison ,https://www.linkedin.com/in/denisemmorrison,Dave Stangis ,https://www.linkedin.com/in/davestangis
Canada Goose Holdings Inc.,Bobby Riley ,https://www.linkedin.com/in/bobbyriley,"Jennifer Mangos, MHRM ",https://ca.linkedin.com/in/jennifer-mangos-mhrm-51836b53
Capital Southwest Corporation,Bowen Diehl ,https://www.linkedin.com/in/bowen-diehl-29463212,Ryan Kelly ,https://www.linkedin.com/in/ryan-kelly-72aaa62a
Capital Southwest Corporation,Bowen Diehl ,https://www.linkedin.com/in/bowen-diehl-29463212,Ryan Kelly ,https://www.linkedin.com/in/ryan-kelly-72aaa62a
Capri Holdings Limited,Jane Thompson ,https://uk.linkedin.com/in/janethompson,Krista Ann McDonough ,https://www.linkedin.com/in/krista-ann-mcdonough-70386139
"Carter's, Inc.",Valerie Evans ,https://www.linkedin.com/in/valerie-evans-4837644,Peter Kok ,https://www.linkedin.com/in/peter-kok-1a0b174
"Castle Brands, Inc.",Richard Lampen ,https://www.linkedin.com/in/richard-lampen-12631872,Mike Fleming ,https://www.linkedin.com/in/mike-fleming-02676aa
"CCA Industries, Inc.",david edell ,https://www.linkedin.com/in/david-edell-7a71352a,Steve Heit ,https://www.linkedin.com/in/steve-heit-57653413
"Celsius Holdings, Inc.",John Fieldly ,https://www.linkedin.com/in/john-fieldly-3969a86,Randy Smith ,https://ie.linkedin.com/pub/randy-smith/a/a45/746?trk=biz_employee_pub
Centric Brands Inc.,Jason Rabin ,https://www.linkedin.com/in/jasonrabingbg,Nadira Herbert ,https://www.linkedin.com/in/nadira-herbert-01108626
Cherokee Inc.,Kim Lambert ,https://www.linkedin.com/in/kim-lambert-41537b55,Jennifer Piccioni ,https://www.linkedin.com/in/jennifer-piccioni-6a382453
China New Borun Corporation,Ray Chadwick ,https://www.linkedin.com/in/ray-chadwick-69649b13,Ray Chadwick ,https://www.linkedin.com/in/ray-chadwick-69649b13
Cibus Corp.,Result Not Found,No Results,Result Not Found,No Results
Cintas Corporation,Keith Howerin ,https://www.linkedin.com/in/keith-howerin-2a91342a,Dan Berkemeyer ,https://www.linkedin.com/in/dan-berkemeyer-6a663422
Clarus Corporation,Bryan Miles ,https://www.linkedin.com/in/bryanmiles1,Aaron Kuehne ,https://www.linkedin.com/in/aaron-kuehne-660b98
Coca Cola Femsa S.A.B. de C.V.,Rodrigo Anzola Diaz ,https://mx.linkedin.com/in/rodrigo-anzola-diaz-897743,TRICIANNE ZINGAPAN ,https://ph.linkedin.com/in/tricianne-zingapan-1aab351a
Coca-Cola Company (The),Josie Brucker ,https://www.linkedin.com/in/josiebrucker,"Victor C. Barnes, CPA, MBA ",https://www.linkedin.com/in/victor-c-barnes-cpa-mba-843b613
"Coca-Cola Consolidated, Inc.",Mark Hammerbeck ,https://www.linkedin.com/in/mark-hammerbeck-ab504637,Jeff Turney ,https://www.linkedin.com/in/jeff-turney-504600
Coca-Cola European Partners plc,James Quincey ,https://www.linkedin.com/in/jamesquincey,Cigdem Gures Erden ,https://uk.linkedin.com/in/cigdem-gures-erden-b72b90142
"Coffee Holding Co., Inc.",Result Not Found,No Results,Result Not Found,No Results
Colgate-Palmolive Company,Peter Brons,https://www.linkedin.com/in/peter-brons-poulsen-5ba79548,Stephane Lionnet ,https://www.linkedin.com/in/stephane-lionnet-02b6732b
Columbia Sportswear Company,Lisa Kulok ,https://www.linkedin.com/in/lisa-kulok-60b79711,Jen Warner ,https://www.linkedin.com/in/jen-warner-a60a195
"Compania Cervecerias Unidas, S.A.",Silvia Solar ,https://www.linkedin.com/in/silvia-solar-3246a319,Felipe Benavides ,https://www.linkedin.com/in/felipe-benavides-3673246
"ConAgra Brands, Inc.",DeLu Jackson ,https://www.linkedin.com/in/deluj,Jeremy Attal ,https://www.linkedin.com/in/jeremy-attal-85a30247
Constellation Brands Inc,Jim Bourdeau ,https://www.linkedin.com/in/jim-bourdeau-5ba184,Tiffanie De Liberty ,https://www.linkedin.com/in/tiffanie-de-liberty-1a35616
Cool Holdings Inc.,Vern LoForti ,https://www.linkedin.com/in/vernloforti,Vern LoForti ,https://www.linkedin.com/in/vernloforti
Core Molding Technologies Inc,Kevin Barnett ,https://www.linkedin.com/in/kevin-barnett-b7396524,Kevin Barnett ,https://www.linkedin.com/in/kevin-barnett-b7396524
"Core-Mark Holding Company, Inc.",Stacy Loretz,https://www.linkedin.com/in/stacy-loretz-congdon-4926351a,Stacy Loretz,https://www.linkedin.com/in/stacy-loretz-congdon-4926351a
Cosan Limited,Mara Pezzotti ,https://br.linkedin.com/in/mara-pezzotti-a0aaa411,Richard Aldrich ,https://www.linkedin.com/in/richard-aldrich-0aa80141
Cott Corporation,Jeremy (Jerry) Fowden ,https://www.linkedin.com/in/jeremy-jerry-fowden-b54106111,Ghire Shivprasad ,https://www.linkedin.com/in/ghire
Coty Inc.,Jason Forbes ,https://www.linkedin.com/in/jforbesdigital,Cathy Eckart ,https://www.linkedin.com/in/cathy-eckart-48b203119
"Craft Brew Alliance, Inc.",terry michaelson ,https://www.linkedin.com/in/terry-michaelson-61901870,Peter Schauf ,https://www.linkedin.com/in/peter-schauf-8933742
"Crocs, Inc.",Gregg Ribatt ,https://www.linkedin.com/in/gregg-ribatt-8771b81b,Harvey Bierman ,https://www.linkedin.com/in/hlbierman
"CUI Global, Inc.",William Clough ,https://www.linkedin.com/in/william-clough-4331b85,Deborah Moen ,https://www.linkedin.com/in/deborah-moen-82ab7a92
Darling Ingredients Inc.,Randall Stuewe ,https://www.linkedin.com/in/randall-stuewe-06038811,Nancy Cooper ,https://www.linkedin.com/in/nancy-cooper-50520713
DAVIDsTEA Inc.,Priscilla Auger ,https://www.linkedin.com/in/priscilla-auger-35273a59,Priscilla Auger ,https://www.linkedin.com/in/priscilla-auger-35273a59
Dean Foods Company,Gregg Engles ,https://www.linkedin.com/in/gregg-engles-9b727a5,Jo Harris ,https://www.linkedin.com/in/jo-harris-50293110
Deckers Outdoor Corporation,Dave Powers ,https://www.linkedin.com/in/dave-powers-35277a3,John Kalinich ,https://www.linkedin.com/in/kalinichjohn
"Delta Apparel, Inc.",Eric Crocker ,https://www.linkedin.com/in/eric-crocker-a404455,Charles Smotherman ,https://www.linkedin.com/in/charles-smotherman-11588a3
"Deswell Industries, Inc.",Edward So ,https://www.linkedin.com/in/edward-so-a357998,Edward So ,https://www.linkedin.com/in/edward-so-a357998
Diageo plc,Seni Adetu ,https://ng.linkedin.com/in/seni-adetu-1178458,Caroline Rhodes ,https://www.linkedin.com/in/caroline-rhodes-5a467419
Domino's Pizza Inc,David A. Brandon ,https://www.linkedin.com/in/david-a-brandon-5b826654,Adam Gacek ,https://www.linkedin.com/in/adam-gacek-1669474
"e.l.f. Beauty, Inc.",Kellie Hoverter ,https://www.linkedin.com/in/kelliehoverter,Elizabeth Albee ,https://www.linkedin.com/in/elizabeth-albee-8678b124
"Eastside Distilling, Inc.",Lenny Gotter ,https://www.linkedin.com/in/lennygotter,Murray G. Smith ,https://www.linkedin.com/in/murray-g-smith-9b9866b
"Edison Nation, Inc.",Linda Suh ,https://www.linkedin.com/in/linda-suh-29a6b72a,Michael Soh ,https://www.linkedin.com/in/michael-soh-16a84b5
Emerson Radio Corporation,Barry Smith ,https://www.linkedin.com/in/barry-smith-a5508015,Barry Smith ,https://www.linkedin.com/in/barry-smith-a5508015
"Energizer Holdings, Inc.",Teresa Ceotto ,https://www.linkedin.com/in/teresa-ceotto,Jacqueline Burwitz ,https://www.linkedin.com/in/jacqueline-burwitz-25662b18
Enersys,Russel Treat ,https://www.linkedin.com/in/russeltreat,Joseph Lewis ,https://www.linkedin.com/in/joseph-lewis-4a89624b
"Entegris, Inc.",Chris Kramer ,https://www.linkedin.com/in/chris-kramer-7026344,Greg Graves ,https://www.linkedin.com/in/greg-graves-98a7854
"Escalade, Incorporated",Dave Fetherman ,https://www.linkedin.com/in/dave-fetherman-28807715,Terry Frandsen ,https://www.linkedin.com/in/terry-frandsen-24536011
"Estee Lauder Companies, Inc. (The)",Matthieu Moison ,https://www.linkedin.com/in/matthieu-moison-85b188124,Alexandra Boulay ,https://www.linkedin.com/in/alexandra-boulay-3094b82
"Ever-Glory International Group, Inc.",Result Not Found,No Results,Result Not Found,No Results
Farmer Brothers Company,Mike Keown ,https://www.linkedin.com/in/mike-keown,Drew Webb ,https://www.linkedin.com/in/drew-webb-5493581b
"FARMMI, INC.",Result Not Found,No Results,Result Not Found,No Results
"Flowers Foods, Inc.",Allen Shiver ,https://www.linkedin.com/in/allen-shiver-6b6b08a1,Margaret Ann Marsh ,https://www.linkedin.com/in/margaret-ann-marsh-12306093
Fomento Economico Mexicano S.A.B. de C.V.,Alejandro Romero ,https://se.linkedin.com/pub/alejandro-romero/14/689/346?trk=biz_employee_pub,TRICIANNE ZINGAPAN ,https://ph.linkedin.com/in/tricianne-zingapan-1aab351a
"Forward Industries, Inc.",michael luetkemeyer ,https://www.linkedin.com/in/michael-luetkemeyer-a5705220,Gregory P. Connolly ,https://www.linkedin.com/in/gregconnollynh
"Fossil Group, Inc.",Jeffrey Boyer ,https://www.linkedin.com/in/jeffrey-boyer-17a8149,Chad Cornstubble ,https://www.linkedin.com/in/chad-cornstubble-6211a256
Fox Factory Holding Corp.,Mike Dennison ,https://www.linkedin.com/in/mike-dennison-03319561,Dale A. Silvia ,https://www.linkedin.com/in/daleasilvia
"Fresh Del Monte Produce, Inc.",Michael J. Berthelot ,https://www.linkedin.com/in/michael-j-berthelot-562a6a6,Marlene Gordon ,https://www.linkedin.com/in/marlenegordon
"Freshpet, Inc.",Don Heisey ,https://www.linkedin.com/in/don-heisey-722420111,Don Heisey ,https://www.linkedin.com/in/don-heisey-722420111
Fuling Global Inc.,Gilbert Lee ,https://www.linkedin.com/in/gilbertklee,Gilbert Lee ,https://www.linkedin.com/in/gilbertklee
"Funko, Inc.",Matt Kamimura ,https://www.linkedin.com/in/mattkamimura,Ian Schwartz ,https://www.linkedin.com/in/ianschwartz
Future FinTech Group Inc.,肖刚,https://cn.linkedin.com/in/%E5%88%9A-%E8%82%96-95661a160,Result Not Found,No Results
"G. Willi-Food International, Ltd.",Gil Hochboim ,https://il.linkedin.com/in/gil-hochboim-26a9065,Gil Hochboim ,https://il.linkedin.com/in/gil-hochboim-26a9065
Gaming Partners International Corporation,Greg Gronau ,https://www.linkedin.com/in/greggronau,Scott McCarthy ,https://www.linkedin.com/in/scott-mccarthy-12ba6165
"General Mills, Inc.",David Homer ,https://www.linkedin.com/in/david-homer-7094b7124,Shawn O'Grady ,https://www.linkedin.com/in/shawn-o-grady-955367114
"G-III Apparel Group, LTD.",Arthur Platter ,https://www.linkedin.com/in/arthur-platter-08302527,Kari Cunningham ,https://www.linkedin.com/in/kari-cunningham-a5343810
"Gildan Activewear, Inc.",Monica del Buey ,https://in.linkedin.com/pub/monica-del-buey/6/144/b88,Trish McHale ,https://www.linkedin.com/in/trish-mchale
Gladstone Capital Corporation,Caren Merrick ,https://www.linkedin.com/in/cdmerrick,Nicole Dubas Schaltenbrand ,https://www.linkedin.com/in/nicole-dubas-schaltenbrand-b611505
Gladstone Capital Corporation,Caren Merrick ,https://www.linkedin.com/in/cdmerrick,Nicole Dubas Schaltenbrand ,https://www.linkedin.com/in/nicole-dubas-schaltenbrand-b611505
Gladstone Capital Corporation,Caren Merrick ,https://www.linkedin.com/in/cdmerrick,Nicole Dubas Schaltenbrand ,https://www.linkedin.com/in/nicole-dubas-schaltenbrand-b611505
"GNC Holdings, Inc.",Michael Hines ,https://www.linkedin.com/in/michael-hines-07904935,Eddie Burt ,https://www.linkedin.com/in/eddie-burt-918503104
"Guess?, Inc.",Victor Herrero ,https://www.linkedin.com/in/victor-herrero-975458151,Edward HJ Park ,https://www.linkedin.com/in/edward-hj-park-4053b514
"Harley-Davidson, Inc.",Joanne Garland ,https://www.linkedin.com/in/joanne-garland-4b092771,Taren Rodabaugh ,https://www.linkedin.com/in/taren-rodabaugh-8b23584
"Hasbro, Inc.",Brian Goldner ,https://www.linkedin.com/in/brian-goldner-97307612,Maureen Smith ,https://www.linkedin.com/in/maureen-smith-01858b4
Hershey Company (The),Sovanna Mam ,https://www.linkedin.com/in/sovannamam,Kevin Ma ,https://www.linkedin.com/in/kevin-ma-baa7468
HF Foods Group Inc.,Andrew Bowen ,https://www.linkedin.com/in/abowenphoto,Pamela Simning ,https://www.linkedin.com/in/pamela-simning-0a47a682
Hormel Foods Corporation,Greg Longstreet ,https://www.linkedin.com/in/greg-longstreet-55779112,Lori Marco ,https://www.linkedin.com/in/lori-marco-b10a018
"Hostess Brands, Inc.",Curt Coolidge ,https://www.linkedin.com/in/curt-coolidge-79a85b27,Stuart Daley ,https://www.linkedin.com/in/stuart-daley-9b00743a
"Hostess Brands, Inc.",Curt Coolidge ,https://www.linkedin.com/in/curt-coolidge-79a85b27,Stuart Daley ,https://www.linkedin.com/in/stuart-daley-9b00743a
Houston Wire & Cable Company,Kayla Draper ,https://www.linkedin.com/in/kayla-draper-66330a43,Brian Roy ,https://www.linkedin.com/in/brian-roy-041ab661
"Iconix Brand Group, Inc.",Neil Cole ,https://www.linkedin.com/in/neil-cole-55882a155,Jeffrey Goldstein ,https://www.linkedin.com/in/jeffreymgoldstein
India Globalization Capital Inc.,Ram Mukunda ,https://www.linkedin.com/in/ram-mukunda-31a43a16,Ram Mukunda ,https://www.linkedin.com/in/ram-mukunda-31a43a16
"Industrias Bachoco, S.A. de C.V.",Miguel Rojas Campos ,https://www.linkedin.com/in/miguel-rojas-campos-2143b030,Miguel Rojas Campos ,https://www.linkedin.com/in/miguel-rojas-campos-2143b030
Ingredion Incorporated,James (Jim) Zallie ,https://www.linkedin.com/in/james-jim-zallie-3305547,Randy Loewen ,https://www.linkedin.com/in/randy-loewen-6b549129
Integrated Media Technology Limited,Lu Xia – Corporate Affairs / Group Audio Division President ..,https://www.linkedin.com/in/luxia/de,Lu Xia – Corporate Affairs / Group Audio Division President ..,https://www.linkedin.com/in/luxia/de
"Inter Parfums, Inc.",Phil Frankenberg ,https://www.linkedin.com/in/phil-frankenberg-66b06378,Russ Greenberg ,https://www.linkedin.com/in/russ-greenberg-10636511
Ituran Location and Control Ltd.,Ed Hurst ,https://www.linkedin.com/in/ed-hurst-240a9a4,Kfir Lavi ,https://www.linkedin.com/in/kfirlavi1
J & J Snack Foods Corp.,John Griffith ,https://www.linkedin.com/in/johncgriffith,Robert Long ,https://www.linkedin.com/in/robert-long-500ab7b
"J. Jill, Inc.",Paula Bennett ,https://www.linkedin.com/in/paula-bennett-1017,Joann Fielder ,https://www.linkedin.com/in/joann-fielder-00961310
J.M. Smucker Company (The),Courtney Vitullo ,https://www.linkedin.com/in/courtney-vitullo-a0209227,Jasen Cusick ,https://www.linkedin.com/in/jasen-cusick-757471111
"JAKKS Pacific, Inc.",Jack McGrath ,https://www.linkedin.com/in/jack-mcgrath-98b16627,Jesse Dehoyos ,https://www.linkedin.com/in/jesse-dehoyos-83a943101
Jefferies Financial Group Inc.,Steven Kaplan ,https://www.linkedin.com/in/steven-kaplan-45a35a6,Steven Kaplan ,https://www.linkedin.com/in/steven-kaplan-45a35a6
"Jerash Holdings (US), Inc.","Richard J. Shaw, CPA ",https://www.linkedin.com/in/richardjshaw,"Richard J. Shaw, CPA – President – LogiCore Strategies, LLC ..",https://www.linkedin.com/in/richardjshaw/de
"John B. Sanfilippo & Son, Inc.",Jeffrey Sanfilippo ,https://www.linkedin.com/in/jeffrey-sanfilippo-073a6a31,Julia Pronitcheva ,https://www.linkedin.com/in/julia-pronitcheva-b5674a1a
Johnson Outdoors Inc.,John Moon ,https://www.linkedin.com/in/jmoon,John Moon ,https://www.linkedin.com/in/jmoon
KBS Fashion Group Limited,Stanley Wong ,https://hk.linkedin.com/in/stanley-wong-89665845,Lixia Tu ,https://cn.linkedin.com/in/lixia-tu-9435aa122
Kellogg Company,John Bryant ,https://www.linkedin.com/in/john-bryant-595b68159,Mike Libbing ,https://www.linkedin.com/in/mike-libbing-71a11b4
Keurig Dr Pepper Inc.,Joshua Taylor ,https://www.linkedin.com/in/joshua-taylor-3b27334,Andrew Springate ,https://www.linkedin.com/in/andrew-springate-5642653
Knowles Corporation,Jeffrey Niew ,https://www.linkedin.com/in/jeffrey-niew-2b012617,Jim Steele ,https://www.linkedin.com/in/dijieming
Koss Corporation,"Michael Koss, Jr. ",https://www.linkedin.com/in/michael-koss-jr-16927899,"Michael Koss, Jr. ",https://www.linkedin.com/in/michael-koss-jr-16927899
"Lamb Weston Holdings, Inc.",John Blair ,https://www.linkedin.com/in/john-blair-78536595,John Blair ,https://www.linkedin.com/in/john-blair-78536595
Lancaster Colony Corporation,Dave Ciesinski ,https://www.linkedin.com/in/dave-ciesinski-8584841,Dave Ciesinski ,https://www.linkedin.com/in/dave-ciesinski-8584841
Landec Corporation,Molly Hemmeter ,https://www.linkedin.com/in/molly-hemmeter-52589,Molly Hemmeter ,https://www.linkedin.com/in/molly-hemmeter-52589
"Level Brands, Inc.",Gregory Morris ,https://www.linkedin.com/in/gregory-morris-848b9b14,Gregory Morris ,https://www.linkedin.com/in/gregory-morris-848b9b14
"Lifeway Foods, Inc.",Julie Smolyansky ,https://www.linkedin.com/in/julie-smolyansky-05304612,shelly cohen ,https://www.linkedin.com/in/shelly-cohen-b0181b8
Limoneira Co,larry stickney ,https://www.linkedin.com/in/larry-stickney-90956736,Gus Gunderson ,https://www.linkedin.com/in/gus-gunderson-56215015
Liquid Media Group Ltd.,Krysanne Katsoolis ,https://www.linkedin.com/in/krysanne-katsoolis-563490b8,Krysanne Katsoolis ,https://www.linkedin.com/in/krysanne-katsoolis-563490b8
LRAD Corporation,Richard Danforth ,https://www.linkedin.com/in/richard-danforth-04240044,Chris Roller ,https://www.linkedin.com/in/chris-roller-b8b41a114
lululemon athletica inc.,Sun Choe ,https://www.linkedin.com/in/sun-choe-01973512,Richard Cosky ,https://www.linkedin.com/in/richard-cosky-308920a
"Mattel, Inc.",Ynon Kreiz ,https://www.linkedin.com/in/ynonkreiz,Lori Pantel ,https://www.linkedin.com/in/lori-pantel-4590699
"McCormick & Company, Incorporated","Lawrence Kurzius – Chairman, President and Chief Executive ..",https://www.linkedin.com/in/lawrence-kurzius-a09b1021/de,Jeff Schwartz ,https://www.linkedin.com/in/jeff-schwartz-15865b46
"McCormick & Company, Incorporated","Lawrence Kurzius – Chairman, President and Chief Executive ..",https://www.linkedin.com/in/lawrence-kurzius-a09b1021/de,Jeff Schwartz ,https://www.linkedin.com/in/jeff-schwartz-15865b46
MEDIFAST INC,Kearstin Lewis ,https://www.linkedin.com/in/kearstin-lewis-0740ba9,Lisa Edelman Goldberg ,https://www.linkedin.com/in/lisa-edelman-goldberg-440694b
"MGP Ingredients, Inc.",Gus Griffin ,https://www.linkedin.com/in/gusgriffin,Andrew Mansinne ,https://www.linkedin.com/in/andymansinne
Molson Coors Brewing Company,Krishnan 'Kandy' Anand ,https://www.linkedin.com/in/krishnan-kandy-anand-bba23a23,Mark Saks ,https://www.linkedin.com/in/mark-saks-964022b4
"Mondelez International, Inc.",Michael Mitchell ,https://www.linkedin.com/in/michael-mitchell-b8685913,Daniel Myers ,https://www.linkedin.com/in/daniel-myers-63ba5336
Monster Beverage Corporation,Lance Dermeik ,https://www.linkedin.com/in/lance-dermeik-7017127,Allison Erfort ,https://www.linkedin.com/in/allison-erfort-6986a22
Movado Group Inc.,efraim grinberg ,https://www.linkedin.com/in/efraim-grinberg-99825270,Margot Grinberg ,https://www.linkedin.com/in/margot-grinberg-6941ab57
"Myers Industries, Inc.",Chris Koscho ,https://www.linkedin.com/in/chris-koscho,Kevin Brackman ,https://www.linkedin.com/in/kevin-brackman-80656058
Naked Brand Group Limited,Howard Herman ,https://www.linkedin.com/in/howard-herman-7b3b5b7,Howard Herman ,https://www.linkedin.com/in/howard-herman-7b3b5b7
National Beverage Corp.,Betty Taylor ,https://www.linkedin.com/in/betty-taylor-3547a173,James Bolton ,https://www.linkedin.com/in/james-bolton-81a03a21
"Nautilus Group, Inc. (The)",Result Not Found,No Results,Result Not Found,No Results
New Age Beverages Corporation,Brent Willis ,https://www.linkedin.com/in/brent-willis-7720635,Terry Sperstad ,https://www.linkedin.com/in/terry-sperstad-175542a0
Newell Brands Inc.,Michael Stark ,https://www.linkedin.com/in/michael-stark-0797584,Keith Duncan ,https://www.linkedin.com/in/rkeithduncan
"Nike, Inc.",Chris Kypriotis ,https://www.linkedin.com/in/ckblacktaginc,Greg Hoffman ,https://www.linkedin.com/in/greg-hoffman-1b196a25
Nomad Foods Limited,Paul Kenyon ,https://uk.linkedin.com/in/paul-kenyon-2146b729,Paul Kenyon ,https://uk.linkedin.com/in/paul-kenyon-2146b729
Origin Agritech Limited,Ke Liu ,https://www.linkedin.com/in/ke-liu-a5596a1b,Irving Kau ,https://www.linkedin.com/in/irving-kau-021b173
"Oxford Industries, Inc.",Thomas C. Chubb III ,https://www.linkedin.com/in/thomas-c-chubb-iii-1080986,Mark Kirby ,https://www.linkedin.com/in/mark-kirby-4669164
"Pepsico, Inc.",Michael White ,https://www.linkedin.com/in/michael-white-24429110,Sue Norton ,https://www.linkedin.com/in/sue-norton-0163a9b
Performance Food Group Company,Top 25 Ken profiles at Performance,https://www.linkedin.com/pub/dir/Ken/+/performance-food-group-company,Andy Long ,https://www.linkedin.com/in/halongiii
Philip Morris International Inc,Charles Bendotti ,https://www.linkedin.com/in/charles-bendotti-7a1805a/,Charles Bendotti ,https://www.linkedin.com/in/charles-bendotti-7a1805a/
Pilgrim's Pride Corporation,Jayson Penn ,https://www.linkedin.com/in/jayson-penn-1209bb78,Cynthia Cinatl ,https://www.linkedin.com/in/cynthia-cinatl-2667628
Planet Green Holdings Corp,Result Not Found,No Results,Result Not Found,No Results
Pope Resources,David Nunes ,https://www.linkedin.com/in/david-nunes-153b5426,Daemon Repp ,https://www.linkedin.com/in/daemon-repp-243b6361
"Post Holdings, Inc.",Chadwick (Chad) Baker ,https://www.linkedin.com/in/chadwickbaker,Pete Hogan ,https://www.linkedin.com/in/petehogan
Primo Water Corporation,Matt Sheehan ,https://www.linkedin.com/in/matthewtsheehan,Michael Cauthen ,https://www.linkedin.com/in/michael-cauthen-6834545
PVH Corp.,Emanuel Chirico ,https://www.linkedin.com/in/mannychirico,Mike Klebanow ,https://www.linkedin.com/in/mike-klebanow-7a3a662
RADA Electronic Industries Ltd.,Dov Sella ,https://il.linkedin.com/in/dov-sella-a324941,Ilan Wittenberg ,https://www.linkedin.com/in/ilan-wittenberg
Ralph Lauren Corporation,Patrice Louvet ,https://www.linkedin.com/in/patrice-louvet,Amy Jaffe ,https://www.linkedin.com/in/amy-jaffe-9a01557
Rand Capital Corporation,Els Donaldson ,https://www.linkedin.com/in/els-donaldson-40192b4a,Margaret Whalen Brechtel CPA ,https://www.linkedin.com/in/margaret-whalen-brechtel-cpa-02285344
"Rave Restaurant Group, Inc.",Bob Bafundo ,https://www.linkedin.com/in/bob-bafundo-44908a3,Brett Heinen ,https://www.linkedin.com/in/brett-heinen-34666541
"Reeds, Inc.",Eliane Reese ,https://www.linkedin.com/in/eliane-reese-268285146,David Howard ,https://www.linkedin.com/in/david-howard-0b745832
"Renmin Tianli Group, Inc.",Result Not Found,No Results,Result Not Found,No Results
"Revlon, Inc.",Debbie Perelman ,https://www.linkedin.com/in/debbie-perelman-8092b45,Bob Callaghan ,https://www.linkedin.com/in/bob-callaghan-51870713
RiceBran Technologies,Brent Rystrom ,https://www.linkedin.com/in/brent-rystrom-860155b0,Kevin Mosley ,https://www.linkedin.com/in/kevin-mosley-3188448
"Richardson Electronics, Ltd.",Edward J. Richardson ,https://www.linkedin.com/in/edward-j-richardson-54136a32,Robert Ben ,https://www.linkedin.com/in/robertben
"Rocky Brands, Inc.","Tom Robertson, CPA ",https://www.linkedin.com/in/tom-robertson-cpa-41271a12,Joshua Thomas ,https://www.linkedin.com/in/joshua-thomas-5626462
"Rocky Mountain Chocolate Factory, Inc.",Andy Black ,https://www.linkedin.com/in/andy-black-0538102b,Ryan McGrath ,https://www.linkedin.com/in/ryan-mcgrath-026a4569
S&W Seed Company,Alan Willits ,https://www.linkedin.com/in/alan-willits-47835a17,Don Panter ,https://www.linkedin.com/in/don-panter-98bb615
"Sanderson Farms, Inc.",Robin Robinson ,https://www.linkedin.com/in/robin-robinson-40526b16,Hilary Burroughs ,https://www.linkedin.com/in/hilary-burroughs-a676634
Seneca Foods Corp.,Top 19 Mike Laber profiles ,https://www.linkedin.com/pub/dir/Mike/Laber,Timothy Benjamin ,https://www.linkedin.com/in/timothy-benjamin-7ba73418
Seneca Foods Corp.,Top 19 Mike Laber profiles ,https://www.linkedin.com/pub/dir/Mike/Laber,Timothy Benjamin ,https://www.linkedin.com/in/timothy-benjamin-7ba73418
"Sequential Brands Group, Inc.",Karen Murray ,https://www.linkedin.com/in/karen-murray-835a19157,Karen Ioli ,https://www.linkedin.com/in/karen-ioli-2977b46
"Shineco, Inc.",Ken Conway ,https://ca.linkedin.com/in/ken-conway-829703b,Result Not Found,No Results
"SiteOne Landscape Supply, Inc.",Phil Dahl ,https://www.linkedin.com/in/phil-dahl-37093117,Xueying Chen ,https://www.linkedin.com/in/xueying-chen-2aba05118
"Skechers U.S.A., Inc.",Michael Greenberg ,https://www.linkedin.com/in/michael-greenberg-27126b40,Brian Cross ,https://www.linkedin.com/in/brian-cross-3a01732
"Sonos, Inc.",Patrick Spence ,https://www.linkedin.com/in/patrickspence,Michael Groeninger ,https://www.linkedin.com/in/michael-groeninger-898aa66
Sony Corp Ord,Result Not Found,No Results,Result Not Found,No Results
SpartanNash Company,Dave Staples ,https://www.linkedin.com/in/dave-staples-b15bb713,Tammy Hurley ,https://www.linkedin.com/in/tammy-hurley-b9712641
Standard Diversified Inc.,Ian Estus ,https://www.linkedin.com/in/ian-estus-8827294,Bradford Tobin ,https://www.linkedin.com/in/bradfordtobin
"Steven Madden, Ltd.",Stuart Werner ,https://www.linkedin.com/in/stuartewerner,Michael Paradise ,https://www.linkedin.com/in/michael-paradise-21aaa428
"Superior Group of Companies, Inc.",Cindy Fischler ,https://www.linkedin.com/in/cindy-fischler-ba786b7,William Goode ,https://www.linkedin.com/in/william-goode-2a76198
Sysco Corporation,Mike Nichols ,https://www.linkedin.com/in/mike-nichols-b9180851,Sandra G Carson ,https://www.linkedin.com/in/sandra-g-carson-08645314
Taitron Components Incorporated,Result Not Found,No Results,Result Not Found,No Results
"Tandy Leather Factory, Inc.",Janet Carr ,https://www.linkedin.com/in/janet-carr-9863275,Janet Carr ,https://www.linkedin.com/in/janet-carr-9863275
"Tapestry, Inc.",Bob Poole ,https://www.linkedin.com/in/bob-poole-11728685,Amy F. Melican ,https://www.linkedin.com/in/amy-f-melican-298a16b0
"TDH Holdings, Inc.",Result Not Found,No Results,Result Not Found,No Results
TE Connectivity Ltd.,John Jenkins ,https://www.linkedin.com/in/john-jenkins-6b029b27,John Jenkins ,https://www.linkedin.com/in/john-jenkins-6b029b27
TESSCO Technologies Incorporated,Murray Wright ,https://www.linkedin.com/in/murray-wright-a064444,Charles Kriete ,https://www.linkedin.com/in/charleskriete
The Alkaline Water Company Inc.,Ricky Wright ,https://www.linkedin.com/in/ricky-wright-4264643b,Frank Lazaran ,https://www.linkedin.com/in/frank-lazaran-7346a935
"The Chefs' Warehouse, Inc.",Ed Kauffeld ,https://www.linkedin.com/in/edkauffeld,Ed Kauffeld ,https://www.linkedin.com/in/edkauffeld
"The Hain Celestial Group, Inc.","Steven Reinemund – VP, Ecommerce at The Hain Celestial Group ..",https://www.linkedin.com/in/reinemund/de,Michael Calderon ,https://www.linkedin.com/in/michael-calderon-55b1407
The Kraft Heinz Company,David Knopf ,https://www.linkedin.com/in/david-knopf-62142b92,Magen Hanrahan Doughtie ,https://www.linkedin.com/in/magenhanrahan
The Simply Good Foods Company,Jill Short ,https://www.linkedin.com/in/jill-short-clark-1a77b730,Mark Pogharian ,https://www.linkedin.com/in/mark-pogharian-4a9b40b
"Thor Industries, Inc.",Bob Martin ,https://www.linkedin.com/in/bob-martin-34610298,Ken Julian ,https://www.linkedin.com/in/ken-julian-532bba26
"Tootsie Roll Industries, Inc.",JESSE LEBRON ,https://www.linkedin.com/in/jesse-lebron-944a8848,Austen Huth ,https://www.linkedin.com/in/austen-huth-84674862
"Treehouse Foods, Inc.",Hoffman Doris ,https://www.linkedin.com/in/hoffman-doris-43057110,Ron Enders ,https://www.linkedin.com/in/ron-enders-85617a9
"Truett-Hurst, Inc.",Jim Bielenberg ,https://www.linkedin.com/in/jamesbielenbergcpacmaa,Jason Strobbe ,https://www.linkedin.com/in/jason-strobbe-356877b
Tupperware Brands Corporation,Rick Goings ,https://www.linkedin.com/in/rick-goings-49615b14,Elinor Steele,https://www.linkedin.com/in/elinor-steele-zegelbone-a9692a3
"Turning Point Brands, Inc.",Nick Molina ,https://www.linkedin.com/in/nick-molina-8758084,Brittani Cushman ,https://www.linkedin.com/in/brittanicushman
"Tyson Foods, Inc.",Tom Hayes ,https://www.linkedin.com/in/thomasphayes,April Gage ,https://www.linkedin.com/in/april-gage-07494189
"Under Armour, Inc.",David Bergman ,https://www.linkedin.com/in/david-bergman-36aa8522,David Bergman ,https://www.linkedin.com/in/david-bergman-36aa8522
"Under Armour, Inc.",David Bergman ,https://www.linkedin.com/in/david-bergman-36aa8522,David Bergman ,https://www.linkedin.com/in/david-bergman-36aa8522
"Unifi, Inc.",Kevin Hall ,https://www.linkedin.com/in/kevin-hall-43a73314a,Chris Smosna ,https://www.linkedin.com/in/chris-smosna-a4931812
"United Natural Foods, Inc.",Don McIntyre ,https://www.linkedin.com/in/mcintyredon,Paul Green ,https://www.linkedin.com/in/paul-green-a073a1a7
"United-Guardian, Inc.",Paul Green ,https://www.linkedin.com/in/paul-green-a073a1a7,Paul Green ,https://www.linkedin.com/in/paul-green-a073a1a7
Universal Electronics Inc.,Bryan Hackworth ,https://www.linkedin.com/in/bryan-hackworth-a711686,Bryan Hackworth ,https://www.linkedin.com/in/bryan-hackworth-a711686
"Universal Security Instruments, Inc.",David Hovis ,https://www.linkedin.com/in/david-hovis-5aa40661,Karen Yaggie ,https://www.linkedin.com/in/karen-yaggie-00795b12
US Foods Holding Corp.,Theresa Riley ,https://www.linkedin.com/in/theresa-riley-121b1a60,Billy Greene ,https://www.linkedin.com/in/billy-greene-39303278
V.F. Corporation,Steve Rendle ,https://www.linkedin.com/in/steve-rendle-5ab40127,Kim Yates ,https://www.linkedin.com/in/kimyates12
Vector Group Ltd.,Howard Lorber ,https://www.linkedin.com/in/howard-lorber-282229141,Deborah Fasanelli ,https://www.linkedin.com/in/deborah-fasanelli-b04b504
"Vera Bradley, Inc.","Amy Stark – CEO – Digital Dames, Inc. ",https://www.linkedin.com/in/1amystark/de,Anastacia Knapper ,https://www.linkedin.com/in/anastacia-knapper-5a57279b
"Village Farms International, Inc.",Michael A DeGiglio ,https://www.linkedin.com/in/michael-a-degiglio-ab856b12,Steve Ruffini ,https://www.linkedin.com/in/steve-ruffini-6928241
"Vitamin Shoppe, Inc",Deborah Derby ,https://www.linkedin.com/in/deborah-derby-7ab9173a,Meghan Wolfinger ,https://www.linkedin.com/in/meghan-wolfinger-4338a078
VOXX International Corporation,Pat Lavelle ,https://www.linkedin.com/in/pat-lavelle-3990335,Rich Stein ,https://www.linkedin.com/in/rich-stein-58a79380
"WESCO International, Inc.",Dan Brailer ,https://www.linkedin.com/in/dan-brailer-400b17a,Vicki Marucci ,https://www.linkedin.com/in/vicki-marucci-20b29a127
"Weyco Group, Inc.",tom FLORSHEIM ,https://www.linkedin.com/in/tom-florsheim-48892013,Allison Woss ,https://www.linkedin.com/in/allison-woss-714706132
"Willamette Valley Vineyards, Inc.",Bob Halligan ,https://www.linkedin.com/in/bob-halligan-654299b,Josh Gaskill ,https://www.linkedin.com/in/josh-gaskill-26280914
"Willamette Valley Vineyards, Inc.",Bob Halligan ,https://www.linkedin.com/in/bob-halligan-654299b,Josh Gaskill ,https://www.linkedin.com/in/josh-gaskill-26280914
"Winnebago Industries, Inc.",Jeff Kubacki ,https://www.linkedin.com/in/jeffkubacki,Ashis Bhattacharya ,https://www.linkedin.com/in/ashisbhattacharya
"Wolverine World Wide, Inc.",Blake Krueger ,https://www.linkedin.com/in/blake-krueger-b9b574b,Amy Klimek ,https://www.linkedin.com/in/amy-klimek-57770514
"YETI Holdings, Inc.",Todd Goffman ,https://www.linkedin.com/in/todd-goffman-9ab7b2,Jen Adams (McCleaf) ,https://www.linkedin.com/in/jenmccleafadams
