Company,CEO,CEO Linkedin Profile,Vice President,Vice President Linkedin Profile
"AAON, Inc.",Scott Asbjornson ,https://www.linkedin.com/in/scott-asbjornson-5053ab13,Scott Asbjornson ,https://www.linkedin.com/in/scott-asbjornson-5053ab13
AAR Corp.,Gerianne Tatone ,https://www.linkedin.com/in/gerianne-tatone-921aaa21,Candace Cavalier ,https://www.linkedin.com/in/candace-cavalier-7651a035
"Accelerate Diagnostics, Inc.",Lawrence Mehren ,https://www.linkedin.com/in/lawrence-mehren-59723a44,Peter Bantock ,https://www.linkedin.com/in/peter-bantock-61329a41
Acme United Corporation.,walter johnsen ,https://www.linkedin.com/in/walter-johnsen-12371017,Larry Buchtmann ,https://www.linkedin.com/in/larry-buchtmann-5a568129
Adient plc,K R Murali ,https://www.linkedin.com/in/k-r-murali-650aa46,Jacquie Sommers ,https://www.linkedin.com/in/jacquie-sommers-45237932
"ADOMANI, Inc.",Rick Eckert ,https://www.linkedin.com/in/rick-eckert-284a353,Kevin Kanning ,https://www.linkedin.com/in/kevin-kanning-4620a425
"Advanced Drainage Systems, Inc.",Donald Scott Barbour ,https://www.linkedin.com/in/donald-scott-barbour-072408142,Marc Askew ,https://www.linkedin.com/in/marc-askew-94388912
"Advanced Energy Industries, Inc.",Hans Betz ,https://www.linkedin.com/in/hans-betz-10930b7,David Christie ,https://www.linkedin.com/in/drdavidchristie
Aehr Test Systems,Gayn Erickson ,https://www.linkedin.com/in/gayn-erickson-20275222,Carl Buck ,https://www.linkedin.com/in/carl-buck-71b352a
"Aerojet Rocketdyne Holdings, Inc.",Greg Jones ,https://www.linkedin.com/in/greg-jones-aba1b511,Greg Jones ,https://www.linkedin.com/in/greg-jones-aba1b511
"AeroVironment, Inc.",Wahid Nawabi ,https://www.linkedin.com/in/wahid-nawabi-99a14aa,Teresa Covington ,https://www.linkedin.com/in/teresacovington
"Aethlon Medical, Inc.",James Joyce ,https://www.linkedin.com/in/aethlonmedical,Jim Frakes ,https://www.linkedin.com/in/jim-frakes-40b02b12
AGCO Corporation,Robert Ratliff ,https://www.linkedin.com/in/robert-ratliff-1546805a,Doug Jones ,https://www.linkedin.com/in/djones584
"AgEagle Aerial Systems, Inc.",Grant Begley ,https://www.linkedin.com/in/concepts2capabilities,Tom Gardner ,https://www.linkedin.com/in/tgard
"Agilent Technologies, Inc.",Charlie Silver ,https://www.linkedin.com/in/charlessilver,Steve Cohan ,https://www.linkedin.com/in/stevecohan
Air Industries Group,Lou Melluzzo ,https://www.linkedin.com/in/lou-melluzzo-b8685742,Gary Settoducato ,https://www.linkedin.com/in/gary-settoducato-0748ba93
"Alamo Group, Inc.",Dan Malone ,https://www.linkedin.com/in/dan-malone-714ba818,Ian Burden ,https://www.linkedin.com/in/ian-burden-23b94611
"Allied Motion Technologies, Inc.",Dick Warzala ,https://www.linkedin.com/in/dick-warzala-82819b13,Robert Maida ,https://www.linkedin.com/in/robert-maida-2a10749b
"Allison Transmission Holdings, Inc.","Brad Adams, CHMM ",https://www.linkedin.com/in/brad-adams-chmm-42b09960/de,Kraig Doub ,https://www.linkedin.com/in/kraig-doub-9759a37
Altra Industrial Motion Corp.,Todd Patriacca ,https://www.linkedin.com/in/todd-patriacca-a2838051,Todd Patriacca ,https://www.linkedin.com/in/todd-patriacca-a2838051
"American Axle & Manufacturing Holdings, Inc.",Michael Ripper ,https://www.linkedin.com/in/michael-ripper-4b9b3a25,Michael Ripper ,https://www.linkedin.com/in/michael-ripper-4b9b3a25
American Outdoor Brands Corporation,Brian Murphy ,https://www.linkedin.com/in/murphy612,Curtis Smith ,https://www.linkedin.com/in/curtis-smith-684b0916
"American Railcar Industries, Inc.",John OBryan ,https://www.linkedin.com/in/john-obryan-33a78a7,Tim LoGrasso ,https://www.linkedin.com/in/tim-lograsso-a9b2846
Ampco-Pittsburgh Corporation,Brett McBrayer ,https://www.linkedin.com/in/brett-mcbrayer-08b24124,Dee Ann Johnson ,https://www.linkedin.com/in/dee-ann-johnson-34394a25
Amphenol Corporation,Lye Meng Lee ,https://www.linkedin.com/in/lye-meng-lee-9ba07a111,Patrick Gillard ,https://www.linkedin.com/in/patgillard
"Apogee Enterprises, Inc.",Joe Puishys ,https://www.linkedin.com/in/joe-puishys-1a93a526,Sue Oechsner ,https://www.linkedin.com/in/sue-oechsner-a7610a30
Aptiv PLC,Vahe Tazian ,https://www.linkedin.com/in/vahe-tazian-09866262,Erica Keller ,https://www.linkedin.com/in/erica-keller-5551b318
"ARC Group Worldwide, Inc.",Jed Rust ,https://www.linkedin.com/in/jed-rust-a9293a5,Jed Rust ,https://www.linkedin.com/in/jed-rust-a9293a5
Arconic Inc.,Caroline Conway ,https://www.linkedin.com/in/caroline-conway-b08a153b,Patricia Figueroa ,https://www.linkedin.com/in/patricia-figueroa-130a055
"Arcosa, Inc.",Antonio Carrillo ,https://mx.linkedin.com/in/antonio-carrillo-a1b94250,Robert Rosen ,https://www.linkedin.com/in/robertjrosen
"Art's-Way Manufacturing Co., Inc.",Carrie Majeski ,https://www.linkedin.com/in/carrie-majeski-a9bb5a23,Jeremy Witte ,https://www.linkedin.com/in/jeremydwitte
"Astec Industries, Inc.",Jeff Schwarz ,https://www.linkedin.com/in/jeff-schwarz-99015726,David Silvious ,https://www.linkedin.com/in/david-silvious-a5342a7
Astronics Corporation,Dennis Markert ,https://www.linkedin.com/in/dennis-markert-689b653,Ed Lowney ,https://www.linkedin.com/in/ed-lowney-95127528
Astrotech Corporation,Thomas B. Pickens III ,https://www.linkedin.com/in/thomas-b-pickens-iii,Sha,https://www.linkedin.com/in/sha-chelle-manning-97600bb
"ASV Holdings, Inc.",Andrew Rooke ,https://www.linkedin.com/in/andrewrooke01,"Justin Rupar, MBA ",https://www.linkedin.com/in/justinrupar
"Autoliv, Inc.",Art Blanchford ,https://www.linkedin.com/in/art-blanchford-7790135,Brandon Jeppsen ,https://www.linkedin.com/in/brandon-jeppsen-40b4b55
AVX Corporation,Carole Gibson ,https://www.linkedin.com/in/carole-gibson-4a409213,Peter J Venuto ,https://www.linkedin.com/in/peter-j-venuto-766a2710
"Axon Enterprise, Inc.",Steve Staskiewicz ,https://www.linkedin.com/in/stevestaskiewicz,Jim Brady ,https://www.linkedin.com/in/jimbrady329
Babcock,Ken Babcock ,https://www.linkedin.com/in/ken-babcock-0a4a9030,Jim Babcock ,https://www.linkedin.com/in/jim-babcock-71a3a25
"Badger Meter, Inc.",Rick Johnson ,https://www.linkedin.com/in/rick-johnson-a9927b38,Rick Johnson ,https://www.linkedin.com/in/rick-johnson-a9927b38
"Barnes Group, Inc.",GLENN BARNES ,https://www.linkedin.com/in/glenn-barnes-b4317530,Sean Foran ,https://www.linkedin.com/in/sean-foran-6b57415
"Beazer Homes USA, Inc.",Robert Salomon ,https://www.linkedin.com/in/robert-salomon-6569498,Tony Callahan ,https://www.linkedin.com/in/tony-callahan-b742219
Bel Fuse Inc.,"Frederick Usma Florez, MBA ",https://www.linkedin.com/in/frederick-usma-florez-mba-74826651,Craig Brosious ,https://www.linkedin.com/in/craig-brosious-382b646
Bel Fuse Inc.,"Frederick Usma Florez, MBA ",https://www.linkedin.com/in/frederick-usma-florez-mba-74826651,Craig Brosious ,https://www.linkedin.com/in/craig-brosious-382b646
"Bionano Genomics, Inc.",Heather Adams (Connors) ,https://www.linkedin.com/in/heather-adams-connors-15a5b27,Heather Adams (Connors) ,https://www.linkedin.com/in/heather-adams-connors-15a5b27
"Bionano Genomics, Inc.",Heather Adams (Connors) ,https://www.linkedin.com/in/heather-adams-connors-15a5b27,Heather Adams (Connors) ,https://www.linkedin.com/in/heather-adams-connors-15a5b27
"Bio-Rad Laboratories, Inc.",Ariel Notcovich ,https://www.linkedin.com/in/ariel-notcovich,Carla Evans ,https://www.linkedin.com/in/carla-evans-b3794b4
Blue Bird Corporation,Phil Horlock ,https://www.linkedin.com/in/phil-horlock-b85a618,Dean Coulson ,https://www.linkedin.com/in/dean-coulson-5ab68b25
BlueLinx Holdings Inc.,Bob Hull ,https://www.linkedin.com/in/hullbob,Larry Frey ,https://www.linkedin.com/in/larry-frey-1b7b0a5
Boeing Company (The),Linda Taira ,https://www.linkedin.com/in/lindataira,Tim Hanifen ,https://www.linkedin.com/in/tim-hanifen-18209b7
"Bonso Electronics International, Inc.",Milan Zhang ,https://cn.linkedin.com/in/lanyuansupply,符合“.annie Zheng”的70+ 位会员,https://cn.linkedin.com/pub/dir/.annie/Zheng/cn-0-%E4%B8%AD%E5%9B%BD
BorgWarner Inc.,Frederic Lissalde ,https://de.linkedin.com/in/frederic-lissalde-11602214,Jamal Farhat ,https://www.linkedin.com/in/jamal-farhat-6a50571
"Broadwind Energy, Inc.",Duane McBride,https://www.linkedin.com/in/duane-mcbride-booth-63579620,Alison Wroblewski ,https://www.linkedin.com/in/alisonwroblewski
BRP Inc.,José Boisjoli ,https://www.linkedin.com/in/jos%C3%A9-boisjoli,vincent morin ,https://ca.linkedin.com/in/vincent-morin-50335536
Bruker Corporation,Frank Laukien ,https://www.linkedin.com/in/frank-laukien-20804426,John Carr ,https://www.linkedin.com/in/john-carr-649b806
Caesarstone Ltd.,Raanan Zilberman ,https://il.linkedin.com/in/raanan-zilberman-04a9752,Lilach Gilboa ,https://il.linkedin.com/in/lilach-gilboa-48b04014b
Camtek Ltd.,Vladimir Zheleznyak ,https://www.linkedin.com/in/vladimir-zheleznyak-2a53b217,Michael Lev ,https://il.linkedin.com/in/michael-lev-6b7a135
"Carbo Ceramics, Inc.",Gary Kolstad ,https://www.linkedin.com/in/gary-kolstad-32a97a108,Mark McGill ,https://www.linkedin.com/in/mark-mcgill-04305732
"Caterpillar, Inc.",Jim Dugan ,https://www.linkedin.com/in/jim-dugan-b766506a,Ogi Redzic ,https://www.linkedin.com/in/ognjenredzic
"CDTI Advanced Materials, Inc.",Chris Harris ,https://www.linkedin.com/in/chris-j-harris,Jason Soika ,https://www.linkedin.com/in/jason-soika-7557656b
CECO Environmental Corp.,Dennis Sadlowski ,https://www.linkedin.com/in/dennissadlowski,Tracy Krumme ,https://www.linkedin.com/in/tracykrumme
Cementos Pacasmayo S.A.A.,Humberto Nadal ,https://pe.linkedin.com/in/humberto-nadal-416827128,carlos pomarino ,https://www.linkedin.com/in/carlos-pomarino-760862174
Cemex S.A.B. de C.V.,Luis Gerardo Ramírez Villela ,https://www.linkedin.com/in/lgramirezv/?locale=es_ES,Steve Bryan ,https://www.linkedin.com/in/steve-bryan-6321011b
Cemtrex Inc.,Saagar Govil ,https://www.linkedin.com/in/saagargovil,Ravi Narayan ,https://www.linkedin.com/in/ravi-narayan-047a8931
Cemtrex Inc.,Saagar Govil ,https://www.linkedin.com/in/saagargovil,Ravi Narayan ,https://www.linkedin.com/in/ravi-narayan-047a8931
Cemtrex Inc.,Saagar Govil ,https://www.linkedin.com/in/saagargovil,Ravi Narayan ,https://www.linkedin.com/in/ravi-narayan-047a8931
"Century Communities, Inc.",Dustin Bogue ,https://www.linkedin.com/in/dustin-bogue-18325523,Julie Satalowich ,https://www.linkedin.com/in/julie-satalowich-98846a8
Cesca Therapeutics Inc.,Vivian Liu ,https://www.linkedin.com/in/vivian-liu-765a3330,Vivian Liu ,https://www.linkedin.com/in/vivian-liu-765a3330
"Chart Industries, Inc.",Jillian Evanko ,https://www.linkedin.com/in/jillian-evanko-9373086,Tom Pittet ,https://www.linkedin.com/in/tom-pittet-4a78834
"China Automotive Systems, Inc.",Yao Li ,https://cn.linkedin.com/in/yao-li-7a785036,Jipeng (Jim) Luo ,https://www.linkedin.com/in/jpluo
"China Ceramics Co., Ltd.",Mark L. Wilson ,https://www.linkedin.com/in/mark-l-wilson-85013b2a,Edmund Hen ,https://cn.linkedin.com/in/edmund-hen-1ba43782
China XD Plastics Company Limited,20+ Jamie Mu profiles ,https://au.linkedin.com/pub/dir/Jamie/Mu,Result Not Found,No Results
"CIRCOR International, Inc.",Kathleen Fazio ,https://www.linkedin.com/in/kfazio,Nick Williams ,https://www.linkedin.com/in/nick-williams-0b53367
ClearSign Combustion Corporation,Susanne Meline ,https://www.linkedin.com/in/susanne-meline-712392134,Jim Harmon ,https://www.linkedin.com/in/jim-harmon-8598a2a
ClearSign Combustion Corporation,Susanne Meline ,https://www.linkedin.com/in/susanne-meline-712392134,Jim Harmon ,https://www.linkedin.com/in/jim-harmon-8598a2a
CNH Industrial N.V.,"Steven Bierman, CPA ",https://www.linkedin.com/in/stevenbiermancpa,Carlo DeBernardi ,https://www.linkedin.com/in/carlo-debernardi-552951a
"Coda Octopus Group, Inc.",Alasdair Murrie ,https://www.linkedin.com/in/alasdair-murrie-aa1aa37,Alasdair Murrie ,https://www.linkedin.com/in/alasdair-murrie-aa1aa37
Cognex Corporation,Nicolas Corsi ,https://ch.linkedin.com/in/nicolascorsi,Will Equitz ,https://www.linkedin.com/in/will-equitz-0862632
"Coherent, Inc.",Jim Hobart ,https://www.linkedin.com/in/jim-hobart-098499a,Brad Dudschus ,https://www.linkedin.com/in/brad-dudschus-0223182
"Cohu, Inc.",James Donahue ,https://www.linkedin.com/in/james-donahue-a7b5518,Craig Halterman ,https://www.linkedin.com/in/craighalterman
Colfax Corporation,Brighid de Garay ,https://www.linkedin.com/in/brighid-de-garay,Kevin Johnson ,https://www.linkedin.com/in/kevin-johnson-0b27212
Columbus McKinnon Corporation,Timothy Tevens ,https://www.linkedin.com/in/timtevens,Gregory Rustowicz ,https://www.linkedin.com/in/gregory-rustowicz-a2211670
"Comfort Systems USA, Inc.",David Frazier ,https://www.linkedin.com/in/david-frazier-24b32228,Fred Rovet ,https://www.linkedin.com/in/fred-rovet-33b2386
"Commercial Vehicle Group, Inc.",Merv Dunn ,https://www.linkedin.com/in/merv-dunn-11b54b51,Don Fishel ,https://www.linkedin.com/in/donfishel
CompX International Inc.,David Bowers ,https://www.linkedin.com/in/david-bowers-49ba1b3a,Terri Herrington ,https://www.linkedin.com/in/terri-herrington-a4856018
"Comstock Holding Companies, Inc.",Christopher Clemente ,https://www.linkedin.com/in/christopher-clemente-1b431a60,Harry Park ,https://www.linkedin.com/in/harry-park-6b569249
"Continental Building Products, Inc.",Jay Bachmann ,https://www.linkedin.com/in/jay-bachmann-b2b323117,Dennis Romps ,https://www.linkedin.com/in/dennis-romps-7165b218
Continental Materials Corporation,RYAN SULLIVAN ,https://www.linkedin.com/in/ryan-sullivan-b2253a1,Mark Nichter ,https://www.linkedin.com/in/mark-nichter-8685355
Control4 Corporation,Mike Maniscalco ,https://www.linkedin.com/in/michaelmaniscalco,Bryce Judd ,https://www.linkedin.com/in/brycejudd
Cooper-Standard Holdings Inc.,Yvan Van Bever ,https://be.linkedin.com/in/yvan-van-bever-a6537190,Ken Oakley ,https://www.linkedin.com/in/ken-oakley-3a305b105
"CPI Aerostructures, Inc.",Fred Baumbusch ,https://www.linkedin.com/in/fred-baumbusch-967a9b26,Barry Fratello ,https://www.linkedin.com/in/barry-fratello-4892182a
CPS Technologies Corp.,Mark Occhionero ,https://www.linkedin.com/in/mark-occhionero-959520105,Mark Occhionero ,https://www.linkedin.com/in/mark-occhionero-959520105
Crane Co.,Michal Schulz ,https://www.linkedin.com/in/michal-schulz-148553b9,Jim Lavish ,https://www.linkedin.com/in/jim-lavish-17514b4
CRH PLC,Felix Grönwaldt ,https://de.linkedin.com/in/felix-gr%C3%B6nwaldt-084773171,Milan Andrin ,https://www.linkedin.com/in/milan-andrin-00963113
Cubic Corporation,Bradley Feldmann ,https://www.linkedin.com/in/bradley-feldmann/,Bob Deiter ,https://www.linkedin.com/in/bob-deiter-12774113
CyberOptics Corporation,Kate Maher ,https://www.linkedin.com/in/kate-maher-275a657,Steve DiMarco ,https://www.linkedin.com/in/steve-dimarco-aa987810
"D.R. Horton, Inc.",DONALD TOMNITZ ,https://www.linkedin.com/in/donald-tomnitz-34954787,Paula Hunter,https://www.linkedin.com/in/paula-hunter-perkins-84866561
Dana Incorporated,Christophe Dominiak ,https://www.linkedin.com/in/christophe-dominiak-0656b3102,Timothy Kraus ,https://www.linkedin.com/in/timothy-kraus-a0b42522
Danaher Corporation,Rico Zander ,https://www.linkedin.com/in/rico-zander-793923140,Brett Cornell ,https://www.linkedin.com/in/brett-cornell-a9193a20
Data I/O Corporation,Anthony Ambrose ,https://www.linkedin.com/in/anthonyambrose,Joel Hatlen ,https://www.linkedin.com/in/joel-hatlen-8025b38
Deere & Company,Samuel Allen ,https://www.linkedin.com/in/samuel-allen-041ba9132,James Temperley ,https://www.linkedin.com/in/james-temperley-b6250a12
Delphi Technologies PLC,Liam Butterworth ,https://uk.linkedin.com/in/liam-butterworth-0700467,Douglas Berg ,https://www.linkedin.com/in/douglas-berg-48552925
DMC Global Inc.,Kevin Longe ,https://www.linkedin.com/in/kevinlonge,Jeff Fithian ,https://www.linkedin.com/in/jefffithian
"Donaldson Company, Inc.",Tod Carpenter ,https://www.linkedin.com/in/tod-carpenter,Ronald Lacy ,https://www.linkedin.com/in/ronald-lacy-793b066b
"Dorman Products, Inc.",Mathias Barton ,https://www.linkedin.com/in/mathias-barton-37219595,Michael Dempsey ,https://www.linkedin.com/in/michael-dempsey-121504a
"Douglas Dynamics, Inc.",Jim Janik ,https://www.linkedin.com/in/jim-janik-a869b324,Steve Klug ,https://www.linkedin.com/in/steve-klug-97772b52
"DPW Holdings, Inc.","Milton ""Todd"" Ault III ",https://www.linkedin.com/in/miltontoddault,Amos Kohn ,https://www.linkedin.com/in/amoskohn
Ducommun Incorporated,Stephen Oswald ,https://www.linkedin.com/in/stephen-oswald-5489a07,"Rose Rogers, SPHR ",https://www.linkedin.com/in/rose-rogers-sphr-18072210
"DXP Enterprises, Inc.",David Little ,https://www.linkedin.com/in/david-little-3570a9b6,Kent Yee ,https://www.linkedin.com/in/kent-yee-79b25b10
Dynasil Corporation of America,Peter Sulick ,https://www.linkedin.com/in/peter-sulick-4349144,Nirmal Parikh ,https://www.linkedin.com/in/nirmalparikh
Eagle Materials Inc,Steven Rowley ,https://www.linkedin.com/in/steven-rowley-b6b23345,Michael Stowers ,https://www.linkedin.com/in/michael-stowers-2213414
Eastern Company (The),Result Not Found,No Results,Result Not Found,No Results
"Ekso Bionics Holdings, Inc.",alfonso herrera ,https://www.linkedin.com/in/alfonsorhh,"Wava Truscott, PhD. MBA. ",https://www.linkedin.com/in/wava-truscott-phd-mba-22005b13
Elbit Systems Ltd.,Martin Fausset ,https://uk.linkedin.com/in/martin-fausset-1093b123,Reuven Alon ,https://www.linkedin.com/pub/reuven-alon/133/4a6/543?trk=co-feed-likes-plus
Electrameccanica Vehicles Corp. Ltd.,Result Not Found,No Results,Result Not Found,No Results
Electrameccanica Vehicles Corp. Ltd.,Result Not Found,No Results,Result Not Found,No Results
"Electro-Sensors, Inc.",David Klenk ,https://www.linkedin.com/in/david-klenk-9bb28893,Scott Gabbard ,https://www.linkedin.com/in/scott-gabbard-98133b15
Embraer S.A.,EDUARDO BONINI SANTOS PINTO ,https://br.linkedin.com/in/eduardo-bonini-santos-pinto-171831b6,Luciano Froes ,https://www.linkedin.com/in/luciano-froes-marketing-vp
"EMCOR Group, Inc.",Tim Murphy ,https://www.linkedin.com/in/tim-murphy-8209a848,Jack Higgins ,https://www.linkedin.com/pub/jack-higgins/44/972/63
Encore Wire Corporation,"Paul Abernathy, CMECP® ",https://www.linkedin.com/in/paulabernathy,William Bigbee ,https://www.linkedin.com/in/william-bigbee-283a8b89
Espey Mfg. & Electronics Corp.,Patrick Enright ,https://www.linkedin.com/in/patrick-enright-51a6598,Connie Smith ,https://www.linkedin.com/in/connie-smith-13080a17
Esterline Technologies Corporation,mario gotze ,https://www.linkedin.com/in/mario-gotze-13370516b,Diana Bourcier ,https://www.linkedin.com/in/diana-bourcier-bb772b5
EXFO Inc,Darryl A Edwards ,https://uk.linkedin.com/in/edwardsdarryl,Jim Harrison ,https://www.linkedin.com/in/jimharrisonstartupcfo
"EyePoint Pharmaceuticals, Inc.",Thomas Hadley ,https://www.linkedin.com/in/thomashadley1,Thomas Hadley ,https://www.linkedin.com/in/thomashadley1
"FARO Technologies, Inc.",Jay Freeland ,https://www.linkedin.com/in/jay-freeland-13a31b,Robert Gourdine ,https://www.linkedin.com/in/robertgourdine
Federal Signal Corporation,Jennifer Sherman ,https://www.linkedin.com/in/jennifer-sherman-ba40758,Paul Wittig ,https://www.linkedin.com/in/paul-wittig-b041aab
Ferrari N.V.,Herbert Appleroth ,https://au.linkedin.com/in/herbertappleroth,Richard Hilgert ,https://www.linkedin.com/in/hilgertrichard
Ferroglobe PLC,Pedro Larrea Paguaga ,https://uk.linkedin.com/in/pedro-larrea-paguaga-2414891a,Jean du Plessis ,https://www.linkedin.com/in/jean-du-plessis-0388b84a
Fiat Chrysler Automobiles N.V.,Cyril Attia ,https://www.linkedin.com/in/cyrilattia,Richard Gadeselli ,https://uk.linkedin.com/in/richard-gadeselli-6392ab5
"FLIR Systems, Inc.",Jim Cannon ,https://www.linkedin.com/in/jim-cannon-455111a,Doug Eidel ,https://www.linkedin.com/in/dougeidel
Flowserve Corporation,Eric van Gemeren ,https://www.linkedin.com/in/ericvangemeren,Charlie Armstrong ,https://www.linkedin.com/in/charlie-armstrong-70602b5
Fluidigm Corporation,Chris Linthwaite ,https://www.linkedin.com/in/chris-linthwaite-764681,Agnes Lee ,https://www.linkedin.com/in/agnes-lee-9490a1a
Ford Motor Company,Clare Braun ,https://www.linkedin.com/in/clare-braun-34357a85,Mark LaNeve ,https://www.linkedin.com/in/mark-laneve-7b57b251
"Forterra, Inc.",Greg Kent ,https://www.linkedin.com/in/greg-kent-88849616,Sunil Dudi ,https://www.linkedin.com/in/sunildudi
Fortive Corporation,Jim Lico ,https://www.linkedin.com/in/jim-lico-80728b12,Mike Beverly ,https://www.linkedin.com/in/mike-beverly-4129b26
"Freightcar America, Inc.",Jim Meyer ,https://www.linkedin.com/in/jim-meyer-6370a44b,David Benson ,https://www.linkedin.com/in/david-benson-78483711
"Frequency Electronics, Inc.",Stanton Sloane ,https://www.linkedin.com/in/stanton-sloane-b7120210,Thomas McClelland ,https://www.linkedin.com/in/thomas-mcclelland-4b8496b
Friedman Industries Inc.,Robert Sparkman ,https://www.linkedin.com/in/robert-sparkman-93457365,Dale Ray ,https://www.linkedin.com/in/dale-ray-31629748
"Fuel Tech, Inc.",Vincent Arnone ,https://www.linkedin.com/in/vincent-arnone-413227b,Kevin Dougherty ,https://www.linkedin.com/in/kevin-dougherty-20733413
"Fuwei Films (Holdings) Co., Ltd.",Result Not Found,No Results,李雪梅,https://www.linkedin.com/in/%E9%9B%AA%E6%A2%85-%E6%9D%8E-794a1bba
Garmin Ltd.,Joseph J. Hartnett ,https://www.linkedin.com/in/joseph-j-hartnett-016ab21a,Ed Link ,https://www.linkedin.com/in/ed-link-7b555aa
Garrett Motion Inc.,Carlos Cardoso ,https://www.linkedin.com/in/carlosmcardoso,Brendan O'Connor ,https://www.linkedin.com/in/brendan-o-connor-7358824
Gencor Industries Inc.,Barbara Herman ,https://www.linkedin.com/in/barbara-herman-2b1883133,"Mark A. Howard, PE, MBA ",https://www.linkedin.com/in/mark-a-howard-pe-mba-87a9965a
General Dynamics Corporation,Linda Hudson ,https://www.linkedin.com/in/lindaphudson,Jason Monahan ,https://www.linkedin.com/in/jamonahan
General Motors Company,David Tura ,https://www.linkedin.com/in/david-tura-936bba1a,Tony Cervone ,https://www.linkedin.com/in/tcervone
Gentex Corporation,Steve Downing ,https://www.linkedin.com/in/steve-downing-7457946,Matt Chiodo ,https://www.linkedin.com/in/mattchiodo
Gentherm Inc,Sophie Desormiere ,https://fr.linkedin.com/in/sophiedesormiere,Brent Jump ,https://www.linkedin.com/in/brent-jump-31389a3
Genuine Parts Company,Linda Siders (Thomas) ,https://www.linkedin.com/in/linda-siders-thomas-a114027,Vinay Dhawan ,https://www.linkedin.com/in/vinaydhawan
Geospace Technologies Corporation,Josh Mann ,https://www.linkedin.com/in/josh-mann-4073b625,Josh Mann ,https://www.linkedin.com/in/josh-mann-4073b625
Gerdau S.A.,Fernando Lombardo ,https://www.linkedin.com/in/fernando-lombardo-6b86963b,Jeff Karmol ,https://www.linkedin.com/in/jeff-karmol-867ab26
"Gibraltar Industries, Inc.",Shannon Jefferson ,https://www.linkedin.com/in/gibraltarinc,Janis Rossi ,https://www.linkedin.com/in/janisrossi
"Global Brass and Copper Holdings, Inc.",David Kern ,https://www.linkedin.com/in/david-kern-4200107,Christopher Kodosky ,https://www.linkedin.com/in/christopher-kodosky-b76b3a6
Gorman-Rupp Company (The),Tony Chirico ,https://www.linkedin.com/in/chirico/zh-cn,Tony Chirico ,https://www.linkedin.com/in/chirico
Graco Inc.,Tim White ,https://www.linkedin.com/in/tim-white-3a867417,Karen Gallivan ,https://www.linkedin.com/in/karen-gallivan-bba16870
"Green Brick Partners, Inc.",James Brickman ,https://www.linkedin.com/in/james-brickman-10040316,"Bobby L. Samuel III, P.E. ",https://www.linkedin.com/in/bobbysamuel3
"Greenbrier Companies, Inc. (The)",Result Not Found,No Results,Marshall Lewis ,https://www.linkedin.com/in/marshall-lewis-21731a117
Griffon Corporation,Brian Harris ,https://www.linkedin.com/in/brian-harris-ab188811,Chris Durborow ,https://www.linkedin.com/in/chris-durborow-840aa548
"Gulf Island Fabrication, Inc.",Cindi Cook ,https://www.linkedin.com/in/cindi-cook-380b913b,Westley Stockton ,https://www.linkedin.com/in/westley-stockton-4030b153
Harris Corporation,Grady Ollis ,https://www.linkedin.com/in/grady-ollis-90665152,Janice Lindsay ,https://www.linkedin.com/in/janice-lindsay-322ab69
Harsco Corporation,F. Nicholas (Nick) Grasberger ,https://www.linkedin.com/in/f-nicholas-nick-grasberger-60735719,Michael Kolinsky ,https://www.linkedin.com/in/michael-kolinsky-b7058613
"Harvard Bioscience, Inc.",Jeff Duchemin ,https://www.linkedin.com/in/jeff-duchemin-94b1505,Arthur Reine ,https://www.linkedin.com/in/arthur-reine-56aa20b
"Haynes International, Inc.",Gregory M. Spalding ,https://www.linkedin.com/in/gregory-m-spalding-a1b10319,Beth Washington ,https://www.linkedin.com/in/beth-washington-8648082b
"HC2 Holdings, Inc.",Thomas Fallen ,https://www.linkedin.com/in/tommy-fallen,Andrea Mancuso ,https://www.linkedin.com/in/andrea-mancuso-57b86313
"Hebron Technology Co., Ltd.",Result Not Found,No Results,Result Not Found,No Results
Heico Corporation,Larry Mendelson ,https://www.linkedin.com/in/larry-mendelson-1babb018,Val Shelley ,https://www.linkedin.com/in/val-shelley-128a244
Highway Holdings Limited,Eddy Ho ,https://hk.linkedin.com/in/eddy-ho-1a0a7725,Eddy Ho ,https://hk.linkedin.com/in/eddy-ho-1a0a7725
"Honda Motor Company, Ltd.",John K. Moore ,https://www.linkedin.com/in/johnkennethmoore,Don Gies ,https://www.linkedin.com/in/dongiesjr
Honeywell International Inc.,Bob Blaser ,https://www.linkedin.com/in/bob-blaser-76096565,Douglas Perry ,https://www.linkedin.com/in/douglas-perry-155a839
Horizon Global Corporation,Sean Krezenski ,https://www.linkedin.com/in/sean-krezenski-66059912,Sean Krezenski ,https://www.linkedin.com/in/sean-krezenski-66059912
Hovnanian Enterprises Inc,Paul Marabella ,https://www.linkedin.com/in/paulmarabella,"Charles D'Angelo, CPA ",https://www.linkedin.com/in/charles-d-angelo-cpa-52150013
Hovnanian Enterprises Inc,Paul Marabella ,https://www.linkedin.com/in/paulmarabella,"Charles D'Angelo, CPA ",https://www.linkedin.com/in/charles-d-angelo-cpa-52150013
"HTG Molecular Diagnostics, Inc.",Don Hardison ,https://www.linkedin.com/in/don-hardison-7589309,BJ Kerns ,https://www.linkedin.com/in/bj-kerns-5210a04
Hubbell Inc,David Nord ,https://www.linkedin.com/in/david-nord-96b00824,Elicia Pegues Spearman ,https://www.linkedin.com/in/eliciaspearmanexechrattorney
"Huntington Ingalls Industries, Inc.",Byron Himple ,https://www.linkedin.com/in/byron-himple-991915162,Nicolas Schuck ,https://www.linkedin.com/in/nicolas-schuck-480a1814
"Hurco Companies, Inc.",Greg Volovic ,https://www.linkedin.com/in/greg-volovic-33259b2,Greg Volovic ,https://www.linkedin.com/in/greg-volovic-33259b2
"Hyster-Yale Materials Handling, Inc.",Suzy Taylor ,https://www.linkedin.com/in/suzy-taylor-3b266a5,Jennifer Langer ,https://www.linkedin.com/in/jennifer-langer-9907633
Icahn Enterprises L.P.,Carl C. Icahn ,https://www.linkedin.com/in/carl-c-icahn-b396b84,Craig Pettit ,https://www.linkedin.com/in/craig-pettit-92586470
IDEX Corporation,Andrew Silvernail ,https://www.linkedin.com/in/andrew-silvernail-6951214,Michael H. Charpentier ,https://www.linkedin.com/in/michael-h-charpentier-5962b67
"IES Holdings, Inc.",Gary A. Kerley ,https://www.linkedin.com/in/gary-a-kerley-aa933221,Will Albright ,https://www.linkedin.com/in/will-albright-59b0856
II-VI Incorporated,Cheryl Arnold ,https://www.linkedin.com/in/cheryl-arnold-7a19251b,James McEvoy ,https://www.linkedin.com/in/jamesmcevoy
"Illumina, Inc.",Daniel Bradbury ,https://www.linkedin.com/in/bradburydaniel,Susan Tousi ,https://www.linkedin.com/in/susan-tousi-7936a06
"Image Sensing Systems, Inc.",Chad Stelzig ,https://www.linkedin.com/in/chadstelzig,Andrew M. Markese ,https://www.linkedin.com/in/andrew-m-markese-b8b003a
"Impinj, Inc.",Chris Diorio ,https://www.linkedin.com/in/chris-diorio-7857a637,Mike Kastner ,https://www.linkedin.com/in/mike-kastner-5aa4a47
Ingersoll-Rand plc (Ireland),Result Not Found,No Results,Rohit Waghadhare ,https://in.linkedin.com/in/rohit-waghadhare-46837617
"Insteel Industries, Inc.",Faruk Gole ,https://www.linkedin.com/in/farukhgole,"R. Stephen Burgess, CPCC ",https://www.linkedin.com/in/r-stephen-burgess-cpcc-9a46594
inTest Corporation,Robert Matthiessen ,https://www.linkedin.com/in/robert-matthiessen-7333937a,Mark Bradford ,https://www.linkedin.com/in/mark-bradford-17487711
IntriCon Corporation,Mark Gorder ,https://www.linkedin.com/in/mark-gorder-ab3b8a1a,Mike Geraci ,https://www.linkedin.com/in/mike-geraci-00b1556
"Itron, Inc.",Catriona Fallon ,https://www.linkedin.com/in/catriona-fallon-54127,Kenneth Gianella ,https://www.linkedin.com/in/gianella
ITT Inc.,Tracii Smith ,https://www.linkedin.com/in/tracii-smith-6357a214a,Francesco Lucciola ,https://www.linkedin.com/in/francesco-lucciola-52b65b5
James Hardie Industries plc.,Randall Tindell ,https://www.linkedin.com/in/randall-tindell-b9677626,Jason Bradshaw ,https://www.linkedin.com/in/jason-bradshaw-572a0745
Kaiser Aluminum Corporation,Sean Hussey ,https://www.linkedin.com/in/sean-hussey-6344894,Neal West ,https://www.linkedin.com/in/neal-west-6216a75
"Kandi Technologies Group, Inc.",Johnny Tai ,https://www.linkedin.com/in/johnny-tai-25170122,Top 4 Mei profiles at Harris,https://www.linkedin.com/pub/dir/+/Mei/harris-corporation-company
Kazia Therapeutics Limited,James Garner ,https://au.linkedin.com/in/jamessgarner,James Garner ,https://au.linkedin.com/in/jamessgarner
KB Home,Kimberly Walden ,https://www.linkedin.com/in/kimberly-walden-79075111b,Josh Wheeler ,https://www.linkedin.com/in/jwheel
Kelso Technologies Inc,Kathy Love ,https://www.linkedin.com/in/kathy-love-2a725847,Amanda Smith ,https://www.linkedin.com/in/amanda-smith-62688829
Kemet Corporation,Per,https://www.linkedin.com/in/perolofloof,William Lowe ,https://www.linkedin.com/in/william-lowe-76b6a264
Kennametal Inc.,Angela Robin Grace ,https://www.linkedin.com/in/angela-robin-grace-a530bb55,Jan Kees van Gaalen ,https://www.linkedin.com/in/jankeesvangaalen
Kewaunee Scientific Corporation,David Rausch ,https://www.linkedin.com/in/david-rausch-8a252421,Dana Dahlgren ,https://www.linkedin.com/in/dana-dahlgren-7a752b21
Keysight Technologies Inc.,Ingrid Estrada ,https://www.linkedin.com/in/ingrid-estrada-4661ab15,Daniel Thomasson ,https://www.linkedin.com/in/danielthomasson
KLA-Tencor Corporation,Rick Wallace ,https://www.linkedin.com/in/rickpwallace,"Sandra Mahadwar (SPHR, GPHR) ",https://www.linkedin.com/in/sandramahadwar
Kornit Digital Ltd.,Dr. Muhammad Iraqi ,https://il.linkedin.com/in/dr-muhammad-iraqi-375a67151,Don Whaley ,https://www.linkedin.com/in/donbwhaley
"Kratos Defense & Security Solutions, Inc.",Ben Goodwin ,https://www.linkedin.com/in/ben-goodwin-ba111417,Angela Chow ,https://www.linkedin.com/in/angela-chow-5266119
L.S. Starrett Company (The),Result Not Found,No Results,Result Not Found,No Results
LCI Industries,Jason Lippert ,https://www.linkedin.com/in/jason-lippert-a3499861,Andrew Namenye ,https://www.linkedin.com/in/andrewnamenye
Lear Corporation,Ray Scott ,https://www.linkedin.com/in/ray-scott-28b40663,Jon Damm ,https://www.linkedin.com/in/jon-damm-955b103
"Lennox International, Inc.",Mike Schwartz ,https://www.linkedin.com/in/mike-schwartz-11147b13,Rod Flory ,https://www.linkedin.com/in/rod-flory-194a25a
"LG Display Co., Ltd.",Eungseok(Kevin) Lee ,https://sg.linkedin.com/pub/eungseok-kevin-lee/8b/740/775?trk=biz_employee_pub,BD David Lim ,https://kr.linkedin.com/in/bd-david-lim-8b80a05
"LGI Homes, Inc.",Will Lee ,https://www.linkedin.com/in/will-lee-b3a6b832,Will Lee ,https://www.linkedin.com/in/will-lee-b3a6b832
"LGL Group, Inc. (The)",Result Not Found,No Results,Result Not Found,No Results
"Libbey, Inc.",Stephanie Streeter ,https://www.linkedin.com/in/stephanie-streeter-b7b71910,Bill Mossing ,https://www.linkedin.com/in/bill-mossing-83ba596
"Lifetime Brands, Inc.",Marian Finnigan ,https://www.linkedin.com/in/marian-finnigan-65a48018,Jacqueline Fagan ,https://www.linkedin.com/in/jacqueline-fagan-1068b18
Lindsay Corporation,Tim Hassinger ,https://www.linkedin.com/in/tim-hassinger-58a551b,Kelly Staup ,https://www.linkedin.com/in/kellystrukoff
Lockheed Martin Corporation,Marillyn Hewson ,https://www.linkedin.com/in/marillyn-hewson-24763179,Rainia L. Washington ,https://www.linkedin.com/in/rainia-l-washington-0ab8308
Loma Negra Compania Industrial Argentina Sociedad Anonima,Rodriguez Ansaldi Tomas ,https://ar.linkedin.com/in/rodriguez-ansaldi-tomas-007766110,Result Not Found,No Results
"Lydall, Inc.",David Williams ,https://www.linkedin.com/in/david-williams-71583717,"James Laughlan, CPA ",https://www.linkedin.com/in/james-laughlan-cpa-7298137
Lyon William Homes,Result Not Found,No Results,Result Not Found,No Results
"M.D.C. Holdings, Inc.",Kelly Taga ,https://www.linkedin.com/in/kellytaga,Krista Montgomery ,https://www.linkedin.com/in/krista-montgomery-34187121
"M/I Homes, Inc.",Mark Cosmos ,https://www.linkedin.com/in/mark-cosmos-164138147,Will Duderstadt ,https://www.linkedin.com/in/willduderstadt
"Magna International, Inc.",Terry Burns ,https://www.linkedin.com/pub/terry-burns/ba/143/a45,Frank Casali ,https://www.linkedin.com/in/frank-casali-aa946011
"Malibu Boats, Inc.",Eric Bondy ,https://www.linkedin.com/in/ericbondy,"Deborah S. Kent, SPHR, SHRM",https://www.linkedin.com/in/deborah-s-kent-sphr-shrm-scp-02326b1
"Manitowoc Company, Inc. (The)",Joshua Murray ,https://www.linkedin.com/in/joshua-murray-5ab785ab,Qian (Dean) xie ,https://cn.linkedin.com/in/qian-dean-xie-256ba175/de
Marine Products Corporation,"Anthony Parisi, CPA, MBA ",https://www.linkedin.com/in/anthnyparisi,"Anthony Parisi, CPA, MBA ",https://www.linkedin.com/in/anthnyparisi
"MasterCraft Boat Holdings, Inc.",Result Not Found,No Results,Result Not Found,No Results
Materion Corporation,Tom Kimble ,https://www.linkedin.com/in/tom-kimble-43aa085,Tom Kimble ,https://www.linkedin.com/in/tom-kimble-43aa085
Matthews International Corporation,Brian Walters ,https://www.linkedin.com/in/brian-walters-52955914,Brian Walters ,https://www.linkedin.com/in/brian-walters-52955914
"McDermott International, Inc.",David Dickson ,https://www.linkedin.com/in/david-dickson-449ba416b,"Garth Jensen, Esq. ",https://www.linkedin.com/in/garth-jensen-esq-ab601b14
Mercury Systems Inc,"Jane Wu, MSI ",https://www.linkedin.com/in/jane-wu-msi-73609975,Darryl McKenney ,https://www.linkedin.com/in/darryl-mckenney-620b893
Meritage Corporation,Carmen Urquidi,https://www.linkedin.com/in/carmen-urquidi-pratt-97180142,Jeff Luke ,https://www.linkedin.com/in/jeff-luke-06569233
"Meritor, Inc.",Jay Craig ,https://www.linkedin.com/in/jay-craig-0897ba5b,Krista Sohm (McClure) ,https://www.linkedin.com/in/krista-sohm-mcclure-8688787
"Mesa Laboratories, Inc.",Gary Owens ,https://www.linkedin.com/in/gary-owens-67731,Glenn Adriance ,https://www.linkedin.com/in/glennadriance
"Methode Electronics, Inc.",Mark R. Shermetaro ,https://www.linkedin.com/in/markshermetaro,Mark R. Shermetaro ,https://www.linkedin.com/in/markshermetaro
"Mettler-Toledo International, Inc.",Irina Stavitskaya ,https://www.linkedin.com/pub/irina-stavitskaya/73/763/671?trk=pub-pbmap,Harry Seibert ,https://www.linkedin.com/in/harryseibert
"Microvision, Inc.",Perry Mulligan ,https://www.linkedin.com/in/perry-mulligan-1a95314,Neal Callan ,https://www.linkedin.com/in/nealcallan
"MICT, Inc.",Orna Almog ,https://www.linkedin.com/in/orna-almog-27bb886,Result Not Found,No Results
"Miller Industries, Inc.",Eric Miller ,https://www.linkedin.com/in/eric-miller-9b537545,Scott Sheer ,https://www.linkedin.com/in/scott-sheer-69a4781b
"MISONIX, Inc.",Scott Ludecker ,https://www.linkedin.com/in/scottludecker,Scott Ludecker ,https://www.linkedin.com/in/scottludecker
"MKS Instruments, Inc.",John Ippolito ,https://www.linkedin.com/in/jippolito,Catherine Langtry ,https://www.linkedin.com/in/catherine-langtry-3311116
"Mobile Mini, Inc.",Erik Olsson ,https://www.linkedin.com/in/erikolsson1,Chris Anderson ,https://www.linkedin.com/in/chrisanderson14
Modine Manufacturing Company,Heb Jen ,https://www.linkedin.com/in/heb-jen-0aa10b15b,C. Steve Langer ,https://www.linkedin.com/in/c-steve-langer-0974a980
"Motorcar Parts of America, Inc.",Tim Vargo ,https://www.linkedin.com/in/tim-vargo-24559611,Tim Vargo ,https://www.linkedin.com/in/tim-vargo-24559611
MRC Global Inc.,Robert Stein ,https://www.linkedin.com/in/robertsteinmrc,Robert Stein ,https://www.linkedin.com/in/robertsteinmrc
"MSC Industrial Direct Company, Inc.",Bruce Kennedy ,https://www.linkedin.com/in/brucekennedy3759,Bruce Kennedy ,https://www.linkedin.com/in/brucekennedy3759
MTS Systems Corporation,Mark D. Losee ,https://www.linkedin.com/in/mark-d-losee-7300a614,Bob Ries ,https://www.linkedin.com/in/bob-ries-8a98546
"Mueller Industries, Inc.",Greg Christopher ,https://www.linkedin.com/in/greg-christopher-3b574114b,Jack Treas ,https://www.linkedin.com/in/jacktreas
Mueller Water Products Inc,John DeYarman ,https://www.linkedin.com/in/john-deyarman-0436151,Donna Raines ,https://www.linkedin.com/in/donna-raines-1b887234
Nanometrics Incorporated,Pierre,https://www.linkedin.com/in/pierre-yves-lesaicherre-aa051b4,Janet Taylor ,https://www.linkedin.com/in/janet-taylor-3b541a15
"National Presto Industries, Inc.",John Hopkins ,https://www.linkedin.com/in/john-hopkins-894b386,Don Hoeschen ,https://www.linkedin.com/in/don-hoeschen-a60b3b10
National Steel Company,"Max Merz III, CPSM, C.P.M., CPP ",https://www.linkedin.com/in/maxmerziii,Carlos Silva ,https://www.linkedin.com/pub/carlos-silva/22/645/6B9/
Navistar International Corporation,Robert B. Walsh ,https://www.linkedin.com/in/robert-b-walsh-1984925a,Curt A. Kramer ,https://www.linkedin.com/in/curtakramer
Navistar International Corporation,Robert B. Walsh ,https://www.linkedin.com/in/robert-b-walsh-1984925a,Curt A. Kramer ,https://www.linkedin.com/in/curtakramer
"NCI Building Systems, Inc.",Don Riley ,https://www.linkedin.com/in/donrileynci,Dan Ronchetto ,https://www.linkedin.com/in/danronchetto
Neonode Inc.,Remo Behdasht ,https://au.linkedin.com/in/remo-behdasht-049a438,Brunton David ,https://www.linkedin.com/in/brunton-david-33187310
New Home Company Inc. (The),Top 25 Leo Castillo profiles ,https://www.linkedin.com/pub/dir/Leo/Castillo,30+ Leonard profiles at Broadcom ,https://www.linkedin.com/pub/dir/Leonard/+/broadcom-company
NF Energy Saving Corporation,Result Not Found,No Results,Result Not Found,No Results
NIO Inc.,Manos Megagiannis ,https://www.linkedin.com/in/megagiannis,Manos Megagiannis ,https://www.linkedin.com/in/megagiannis
Niu Technologies,Chris Gulbrandsen ,https://www.linkedin.com/in/chris-gulbrandsen-5597864,Joseph Constanty ,https://www.linkedin.com/in/josephconstanty/
"NN, Inc.",Richard D Holder ,https://www.linkedin.com/in/richard-d-holder-5a68a912,Tom Burwell ,https://www.linkedin.com/in/tom-burwell-892a3320
Nordson Corporation,Michael Hilton ,https://www.linkedin.com/in/michael-hilton-7b25a57b,Gina Brickley Beredo ,https://www.linkedin.com/in/gina-brickley-beredo-8364424
Nortech Systems Incorporated,Stacey Stoskopf ,https://www.linkedin.com/in/stacey-stoskopf-ab53b0b6,Heather Richardson ,https://www.linkedin.com/in/heather-richardson-0a3b4239
Northern Technologies International Corporation,Patrick Lynch ,https://www.linkedin.com/in/patrick-lynch-702b7b2,Wade Rohland ,https://www.linkedin.com/in/wade-rohland-b8ab8114
Northrop Grumman Corporation,Ronald D Sugar ,https://www.linkedin.com/in/ronald-d-sugar-b62ba358,Ginger Wierzbanowski ,https://www.linkedin.com/in/ginger-wierzbanowski-0b582810
Nova Measuring Instruments Ltd.,Adrian Wilson ,https://www.linkedin.com/in/adrianswilson,Gabi Sharon ,https://il.linkedin.com/in/gabi-sharon-0429b517
"NVR, Inc.",Larry Bernard ,https://www.linkedin.com/in/larry-bernard-71a601126,Keith Anderson ,https://www.linkedin.com/in/keith-anderson-2941ba14
"Omega Flex, Inc.",Paul J. Kane ,https://www.linkedin.com/in/paulkanecfo,Stephanie Salak,https://www.linkedin.com/in/stephanie-salak-barry-1379778
Orbotech Ltd.,Jean,https://il.linkedin.com/in/jdgibrat,Yoav Harel ,https://www.linkedin.com/in/yoav-harel-28a45734
Oshkosh Corporation,Wilson Jones ,https://www.linkedin.com/in/wilson-jones-38885313,Angie Zeigler ,https://www.linkedin.com/in/angie-zeigler-056a6a1
Owens Corning Inc,Smajo Catakovic ,https://www.linkedin.com/in/smajo-catakovic-a975928,Lee Coffey ,https://www.linkedin.com/in/lee-coffey-50253a66
PACCAR Inc.,Melissa Merritt ,https://www.linkedin.com/in/melissa-merritt-abb9156,Marco Antonio Davila Hernandez ,https://www.linkedin.com/in/marco-antonio-davila-hernandez-794aba55
"Pacific Biosciences of California, Inc.",Jacqueline Lim ,https://www.linkedin.com/in/jacqueline-lim-7a946aa,Vesselin Mihaylov ,https://www.linkedin.com/in/vesselin-mihaylov-3781961b
Parker-Hannifin Corporation,Thomas Williams ,https://www.linkedin.com/in/thomas-williams-785784156,Tom Gentile ,https://www.linkedin.com/in/tom-gentile-57b022b
Park-Ohio Holdings Corp.,Leonard Annaloro ,https://www.linkedin.com/in/leonardannaloro,Robert (R.J.) Schoger ,https://www.linkedin.com/in/robert-r-j-schoger-20996537
"Perceptron, Inc.",Jeff Armstrong ,https://www.linkedin.com/in/jeff-armstrong-5969134,Rick Van Valkenburg ,https://www.linkedin.com/in/rick-van-valkenburg-a510389
"PerkinElmer, Inc.",Robert Friel ,https://www.linkedin.com/in/robert-friel-94ba7a117,Steve Hardy ,https://www.linkedin.com/in/steevh
"Perma-Pipe International Holdings, Inc.",Dave Mansfield ,https://www.linkedin.com/in/djmansfield9,Karl J. Schmidt ,https://www.linkedin.com/in/karljschmidt
"PGT Innovations, Inc.",Trish McConnell ,https://www.linkedin.com/in/trish-mcconnell-559a942a,Trish McConnell ,https://www.linkedin.com/in/trish-mcconnell-559a942a
Polaris Industries Inc.,James Williams ,https://www.linkedin.com/in/james-williams-8424a6b5,James Williams ,https://www.linkedin.com/in/james-williams-8424a6b5
"Precipio, Inc.",Ilan Danieli ,https://www.linkedin.com/in/ilan-danieli-915a8b,Justin Lee ,https://www.linkedin.com/in/justin-lee-6a51844
"Proto Labs, Inc.",Andrew Panos ,https://www.linkedin.com/in/andrewgpanos,Renee Conklin ,https://www.linkedin.com/in/renee-conklin-8bb8367
"PulteGroup, Inc.",Roger A. Cregg ,https://www.linkedin.com/in/rogeracregg2747b111,Jim Zeumer ,https://www.linkedin.com/in/jim-zeumer-1265155
Quanex Building Products Corporation,Bill Griffiths ,https://www.linkedin.com/in/bill-griffiths,George Wilson ,https://www.linkedin.com/in/george-wilson-15a86011
"Quanta Services, Inc.",Julie Williams ,https://www.linkedin.com/in/julie-williams-6495086a,Pete O'Brien ,https://www.linkedin.com/in/pete-o-brien-17881ab
Quanterix Corporation,Kevin Hrusovsky ,https://www.linkedin.com/in/kevinhrusovsky,Dan Sikkema ,https://www.linkedin.com/in/dan-sikkema-1621b01a
"Raven Industries, Inc.",Alex Nichols ,https://www.linkedin.com/in/alex-nichols-7b723671,Eugene Doemling ,https://www.linkedin.com/in/eugene-doemling-85913a1a
Raytheon Company,Dinesh C Paliwal ,https://www.linkedin.com/in/dinesh-c-paliwal-b23930a5,Tom Laliberty ,https://www.linkedin.com/in/tom-laliberty-08567437
RBC Bearings Incorporated,Thomas Burigo ,https://www.linkedin.com/in/thomas-burigo-9146a646,Joseph Salamunovich ,https://www.linkedin.com/in/joseph-salamunovich-29109211
"Resideo Technologies, Inc.",Kristin M. Toste ,https://www.linkedin.com/in/kristin-m-toste-3539a553,Jeff Riley ,https://www.linkedin.com/in/jeff-riley-32591044
"ReTo Eco-Solutions, Inc.",趙Zhao子蛟Giorgio ,https://cn.linkedin.com/in/neorio,Top 10 G Zhao profiles ,https://www.linkedin.com/pub/dir/G/Zhao
"REV Group, Inc.",Ian Walsh ,https://www.linkedin.com/in/ian-walsh-76864a2b,Sandy Bugbee ,https://www.linkedin.com/in/sandy-bugbee-b8b5981a
"RF Industries, Ltd.",Robert Dawson ,https://www.linkedin.com/in/robertdawson3,Manny Gutsche ,https://www.linkedin.com/in/mannygutsche
"Rockwell Automation, Inc.",Rocky Greene ,https://www.linkedin.com/in/rocky-greene-5614b099,Susan (Wallace) Schmitt ,https://www.linkedin.com/in/sjschmitt
"Roper Technologies, Inc.",Neil Hunn ,https://www.linkedin.com/in/neil-hunn-265a2443,Jason Conley ,https://www.linkedin.com/in/jason-conley-aa22177
"Rudolph Technologies, Inc.",Paul McLaughlin ,https://www.linkedin.com/in/paul-mclaughlin-hbs,Bob DiCrosta ,https://www.linkedin.com/in/bob-dicrosta-3b708a8
"Schmitt Industries, Inc.",James A. Fitzhenry ,https://www.linkedin.com/in/james-a-fitzhenry-b02a1951,David Case ,https://www.linkedin.com/in/david-case-178713117
Sensata Technologies Holding plc,Result Not Found,No Results,Steven Reynolds ,https://www.linkedin.com/in/steven-reynolds-9026381
"Senseonics Holdings, Inc.",Mike Gill ,https://www.linkedin.com/in/mikejgill,Mirasol Panlilio ,https://www.linkedin.com/in/mirasol-panlilio-a092854
"Servotronics, Inc.",Deneb Pirrone ,https://www.linkedin.com/in/deneb-pirrone-084a31,Deneb Pirrone ,https://www.linkedin.com/in/deneb-pirrone-084a31
"Shiloh Industries, Inc.",Kimberly Buhl ,https://www.linkedin.com/in/kimberly-buhl-6a49718,Kimberly Buhl ,https://www.linkedin.com/in/kimberly-buhl-6a49718
"SIFCO Industries, Inc.",Pete Knapper ,https://www.linkedin.com/in/pete-knapper-758398b,Frank Cappello ,https://www.linkedin.com/in/frank-cappello-7576a714
"Simpson Manufacturing Company, Inc.",Kevin Swartzendruber ,https://www.linkedin.com/in/kevin-swartzendruber-755a2425,Kevin Swartzendruber ,https://www.linkedin.com/in/kevin-swartzendruber-755a2425
Snap-On Incorporated,Nancy Wolters ,https://www.linkedin.com/in/nancy-wolters-4a037512,Kevin Lee Thatcher ,https://www.linkedin.com/in/kevin-lee-thatcher-a9b95010
"SORL Auto Parts, Inc.",VIRGINIA P'AN ,https://www.linkedin.com/in/virginiapan,陈自立,https://www.linkedin.com/in/%E8%87%AA%E7%AB%8B-%E9%99%88-006bb510a
"Spartan Motors, Inc.",Daryl Adams ,https://www.linkedin.com/in/darylmadams,Kurt Beyer ,https://www.linkedin.com/in/kurt-beyer-aa81298
"Spirit Aerosystems Holdings, Inc.",Philip Anderson ,https://www.linkedin.com/in/philip-anderson-b4047b8b,Philip Anderson ,https://www.linkedin.com/in/philip-anderson-b4047b8b
"Standard Motor Products, Inc.",Eric Sills ,https://www.linkedin.com/in/eric-sills-20161b125,Sandy Kay ,https://www.linkedin.com/in/sandy-kay-79b23410
"Stanley Black & Decker, Inc.",James Loree ,https://www.linkedin.com/in/james-loree-485207123,Shannon Lapierre ,https://www.linkedin.com/in/shannon-lapierre-6a272b4
"Stanley Black & Decker, Inc.",James Loree ,https://www.linkedin.com/in/james-loree-485207123,Shannon Lapierre ,https://www.linkedin.com/in/shannon-lapierre-6a272b4
"Stanley Black & Decker, Inc.",James Loree ,https://www.linkedin.com/in/james-loree-485207123,Shannon Lapierre ,https://www.linkedin.com/in/shannon-lapierre-6a272b4
Steel Partners Holdings LP,Warren Lichtenstein ,https://www.linkedin.com/in/warrenlichtenstein,"Joseph Sherk, CPA ",https://www.linkedin.com/in/joseph-sherk-cpa-67a2074
"Stoneridge, Inc.",Jon DeGaynor ,https://www.linkedin.com/in/jon-degaynor-08b9905,Tony Moore ,https://www.linkedin.com/in/tony-moore-20a7286
Strattec Security Corporation,Frank Krejci ,https://www.linkedin.com/in/frank-krejci-550a0022,Brian Reetz ,https://www.linkedin.com/in/brian-reetz-11733041
"Sturm, Ruger & Company, Inc.",Paul Pluff ,https://www.linkedin.com/in/paul-pluff-17212113,Steve Maynard ,https://nz.linkedin.com/pub/steve-maynard/55/a7a/3a6
Sun Hydraulics Corporation,Wolfgang H. Dangel ,https://www.linkedin.com/in/wolfgang-h-dangel-2382648,Greg Glass ,https://www.linkedin.com/in/greg-glass-69751816
Sunrun Inc.,Bill Owens ,https://www.linkedin.com/in/whowens,Bill Owens ,https://www.linkedin.com/in/whowens
"Superior Industries International, Inc.",Carrie Neuendorf,https://www.linkedin.com/in/carrie-neuendorf-geeck-443b3213,Bud Fanelli ,https://www.linkedin.com/in/bud-fanelli-50a40411
"Sypris Solutions, Inc.",Richard Davis ,https://www.linkedin.com/in/richard-davis-47bb4612,Richard Davis ,https://www.linkedin.com/in/richard-davis-47bb4612
Systemax Inc.,Larry Reinhold ,https://www.linkedin.com/in/larryreinhold,Tex Clark ,https://www.linkedin.com/in/tex-clark-1323328
TAT Technologies Ltd.,Igal Zamir ,https://il.linkedin.com/in/igal-zamir-9049a214,Alex Bukin ,https://il.linkedin.com/in/alexbukin
Tata Motors Ltd,PRANAB GHOSH ,https://za.linkedin.com/in/pranab-ghosh-4263b5a1,Vernon Noronha ,https://www.linkedin.com/in/vernon-noronha-6495a3102
"Taylor Devices, Inc.",Alan Klembczyk ,https://www.linkedin.com/in/alan-klembczyk-1577441a,Joseph Sikorski ,https://www.linkedin.com/in/joseph-sikorski-951955101
Taylor Morrison Home Corporation,Jodi Mosser ,https://www.linkedin.com/in/jodi-mosser-46ba423a,Debbie Beets ,https://www.linkedin.com/in/debbie-beets-58537013
Tecogen Inc.,Hatsopoulos John ,https://www.linkedin.com/in/hatsopoulos-john-4a5890113,William Martini ,https://www.linkedin.com/in/william-martini-880aa611
Teledyne Technologies Incorporated,Mike Read ,https://www.linkedin.com/in/mike-read-2aba9547,Stephen Blackwood ,https://www.linkedin.com/in/stephen-blackwood-491b18112
"Telenav, Inc.",Teresa Sherman ,https://www.linkedin.com/in/teresa-sherman-20a9798,Samrah Khan ,https://www.linkedin.com/in/samrah-khan-34b6364
Tel-Instrument Electronics Corp.,Jeff O'Hara ,https://www.linkedin.com/in/jeff-o-hara-949421a,Michael Schirmer ,https://www.linkedin.com/in/michaelschirmer
Tenneco Inc.,Hari N. Nair ,https://www.linkedin.com/in/hari-n-nair-b47845b7,Hari N. Nair ,https://www.linkedin.com/in/hari-n-nair-b47845b7
"Teradyne, Inc.",Mike Bradley ,https://www.linkedin.com/in/mike-bradley-5a49379,Jim Mahon ,https://www.linkedin.com/in/jim-mahon-09020b7
Terex Corporation,Steve Filipov ,https://www.linkedin.com/in/steve-filipov-4709679,Scott Posner ,https://www.linkedin.com/in/scott-posner-0a35789
"Tesla, Inc.",fred smith ,https://www.linkedin.com/in/fred-smith-998878166,"Laurie Shelby, CIH, CSP ",https://www.linkedin.com/in/laurie-shelby-cih-csp-8142435
Textron Inc.,James Takats ,https://www.linkedin.com/in/james-takats-14301a12,Kim Chavez Schleiff ,https://www.linkedin.com/in/kim-chavez-schleiff
The ExOne Company,Jim McCarley ,https://www.linkedin.com/in/jim-mccarley-a3729612,Brian Smith ,https://www.linkedin.com/in/brian-smith-5a03295
Thermo Fisher Scientific Inc,John Kody ,https://www.linkedin.com/in/john-kody-7138134/de,Karen Kirkwood ,https://www.linkedin.com/in/karen-kirkwood-264b338
Timken Company (The),Daniel Szoch ,https://www.linkedin.com/in/danielszoch/zh-cn,Randy Dunn ,https://www.linkedin.com/in/randy-dunn-4b717342
"Toll Brothers, Inc.",Donald Salmon ,https://www.linkedin.com/in/donald-salmon-47ba3b6,Christine (Sufnar) Sciarrotta ,https://www.linkedin.com/in/christine-sufnar-sciarrotta-34008b8
Toro Company (The),Sharon M. Vessels ,https://cn.linkedin.com/pub/sharon-m-vessels/1/199/b09?trk=biz_employee_pub,Sharon M. Vessels ,https://cn.linkedin.com/pub/sharon-m-vessels/1/199/b09?trk=biz_employee_pub
"ToughBuilt Industries, Inc.",Michael Panosian ,https://www.linkedin.com/in/michael-panosian-356a6598,Zareh (Kach) Khachatoorian ,https://www.linkedin.com/in/zareh-kach-khachatoorian-3322a61b
"Tower International, Inc.",Tim Fleming ,https://www.linkedin.com/in/tim-fleming-59a1784,John Koehler ,https://www.linkedin.com/in/john-koehler-6141b128
Toyota Motor Corp Ltd Ord,Result Not Found,No Results,Result Not Found,No Results
"Transcat, Inc.",Lee Rudow ,https://www.linkedin.com/in/lee-rudow-28149710,Benjamin Hawley ,https://www.linkedin.com/in/benjamin-hawley-b33b511
Transdigm Group Incorporated,Todd Loschelder ,https://www.linkedin.com/in/todd-loschelder-9497756,Rodrigo Rubiano ,https://www.linkedin.com/in/rodrigorubiano
Tredegar Corporation,Drew Edwards ,https://www.linkedin.com/in/drew-edwards-56338313,Drew Edwards ,https://www.linkedin.com/in/drew-edwards-56338313
"TRI Pointe Group, Inc.",Heather Hamilton Breidenthal ,https://www.linkedin.com/in/heather-hamilton-breidenthal-16284a5,Heather Hamilton Breidenthal ,https://www.linkedin.com/in/heather-hamilton-breidenthal-16284a5
TriMas Corporation,Robert Zalupski ,https://www.linkedin.com/in/robert-zalupski-860522a,Jan van Dijk ,https://www.linkedin.com/in/jan-van-dijk-18a6445
Trimble Inc.,Michael Lesyna ,https://www.linkedin.com/in/michael-lesyna-11004226,Michael Lesyna ,https://www.linkedin.com/in/michael-lesyna-11004226
"Trinity Industries, Inc.",Antonio Carrillo ,https://www.linkedin.com/in/antonio-carrillo-6985a86,Mike Mason ,https://www.linkedin.com/in/mike-mason-67a50813
"Triumph Group, Inc.",Daniel Crowley ,https://www.linkedin.com/in/daniel-crowley-6419319,Betsy Barrett ,https://www.linkedin.com/in/betsy-barrett-b6bb707
"U S Concrete, Inc.",William Sandbrook ,https://www.linkedin.com/in/william-sandbrook-2375748b,Terry Marshall ,https://www.linkedin.com/in/texascio
"UFP Technologies, Inc.",Mitch Rock ,https://www.linkedin.com/in/mitchcap,"Keith Cote, PMP ",https://www.linkedin.com/in/keith-cote-pmp-220a5421
"Unique Fabricating, Inc.",Doug Stahl ,https://www.linkedin.com/in/doug-stahl-487ab36,Brad Hazen ,https://www.linkedin.com/in/brad-hazen-7227b647
United States Antimony Corporation,Result Not Found,No Results,Result Not Found,No Results
United Technologies Corporation,Gregory Hayes ,https://www.linkedin.com/in/gregory-hayes-ab53b613b,Laurie Havanec ,https://www.linkedin.com/in/laurie-havanec-5968b798
Universal Display Corporation,Steven Abramson ,https://www.linkedin.com/in/steven-abramson-1a8ba911,Mauro Premutico ,https://www.linkedin.com/in/mauro-premutico-a1738110
UQM Technologies Inc.,Joe Mitchell ,https://www.linkedin.com/in/joe-mitchell-0a075012,Josh Ley ,https://www.linkedin.com/in/joshley
USG Corporation,Jennifer Scanlon ,https://www.linkedin.com/in/jennifer-scanlon-7a88686,Greg Salah ,https://www.linkedin.com/in/greg-salah-3290158
"Valmont Industries, Inc.",Stephen Kaniewski ,https://www.linkedin.com/in/stephen-kaniewski-2762764,Ann O'Shaughnessy,https://www.linkedin.com/in/ann-o-shaughnessy-happel-88454420
Varex Imaging Corporation,Sunny Sanyal ,https://www.linkedin.com/in/sunny-sanyal-4320857,Carl Lacasce ,https://www.linkedin.com/in/carl-lacasce-982bba17
Vedanta Limited,Deshnee Naidoo ,https://www.linkedin.com/in/deshnee-naidoo-7ba26549,Deepak Kumar ,https://www.linkedin.com/pub/deepak-kumar/4/934/376
"Veoneer, Inc.",Mathias Hermansson ,https://se.linkedin.com/in/mathiashermansson,Aaron Schaal ,https://www.linkedin.com/in/aaron-schaal-67b46156
Vicor Corporation,Patrizio Vinciarelli ,https://www.linkedin.com/in/patrizio-vinciarelli-16622742,"Robert Gendron, P.E. ",https://www.linkedin.com/in/robertgendron
"Vishay Intertechnology, Inc.",Dave McConnell ,https://www.linkedin.com/in/dave-mcconnell-9860157,Matthew Carter ,https://www.linkedin.com/in/matthew-carter-a58b7696
"Vishay Precision Group, Inc.","Jeff King, CPA, CGMA ",https://www.linkedin.com/in/jeff-king-cpa-cgma-28091a,Benny Shaya ,https://www.linkedin.com/in/bennyshaya
Vista Outdoor Inc.,Dave Allen ,https://www.linkedin.com/in/dave-allen-a891a139,Kelly Reisdorf ,https://www.linkedin.com/in/kelly-reisdorf-ba41b31
Visteon Corporation,Sachin Lawande ,https://www.linkedin.com/in/sachin-lawande-40125938,Kristin Trecker ,https://www.linkedin.com/in/kristin-trecker
"Vivint Solar, Inc.",Jeremy Sabin ,https://www.linkedin.com/in/jeremysabin,Jeremy Sabin ,https://www.linkedin.com/in/jeremysabin
voxeljet AG,Ingo Ederer ,https://de.linkedin.com/in/ingo-ederer-3436bb26,Ziv Raz ,https://www.linkedin.com/pub/ziv-raz/14/517/b8b
Wabash National Corporation,Brent Yeagy ,https://www.linkedin.com/in/brent-yeagy-13660510,Kristin Glazner ,https://www.linkedin.com/in/kristin-glazner-304411a
Wabco Holdings Inc.,Raj E. Valli ,https://www.linkedin.com/in/rajvalli,Trevor Lucas ,https://www.linkedin.com/in/trevor-lucas-179b4812
Waters Corporation,Chris O'Connell ,https://www.linkedin.com/in/chris-o-connell-5a309614,Elizabeth Rae ,https://www.linkedin.com/in/elizabeth-rae-58bb9858
"Watts Water Technologies, Inc.",Donna Ravikumar ,https://www.linkedin.com/in/donnapallaria,Timothy MacPhee CPA ,https://www.linkedin.com/in/timothy-macphee-cpa-1b4534a
"Wesco Aircraft Holdings, Inc.",Rick Weller ,https://www.linkedin.com/in/rick-weller-56171112,Rick Weller ,https://www.linkedin.com/in/rick-weller-56171112
Westinghouse Air Brake Technologies Corporation,Rebecca Dietrich ,https://www.linkedin.com/in/rebecca-dietrich-12a33013,"Keith Hildum, CPA ",https://www.linkedin.com/in/keith-hildum-cpa-56b22a10
"Wireless Telecom Group, Inc.",Paul Genova ,https://www.linkedin.com/in/paul-genova-cpa-cgma-2346257,Alexa Signorino ,https://www.linkedin.com/in/alexa-signorino-92a2186
"Workhorse Group, Inc.",Duane Hughes ,https://www.linkedin.com/in/duane-hughes-3a80a16,Kevin Vincent ,https://www.linkedin.com/in/kevin-vincent-ab85174
"Worthington Industries, Inc.",Trevor Milton ,https://www.linkedin.com/in/theofficialtrevormilton,Ted Armbruster ,https://www.linkedin.com/in/ted-armbruster-38b35429
Xylem Inc.,patrick decker ,https://www.linkedin.com/in/patrick-decker-961b9082,Kelly McAndrew ,https://www.linkedin.com/in/kelly-mcandrew-6021179
Yulong Eco-Materials Limited,"Alice Wu, CPA, CIA, CGMA ",https://www.linkedin.com/in/alice-wu-cpa-cia-cgma-42866310,Michael W. Harla,https://tw.linkedin.com/in/mwharlan/zh-tw
"ZK International Group Co., Ltd",Qihui Zhu profile,https://in.linkedin.com/pub/dir/Qihui/Zhu,朱勤辉,https://www.linkedin.com/in/%25E5%258B%25A4%25E8%25BE%2589-%25E6%259C%25B1-589763b6
