Company,CEO,CEO Linkedin Profile,Vice President,Vice President Linkedin Profile,Company Website
"ADTRAN, Inc.",Jeff McInnis ,https://www.linkedin.com/in/jeffmcinnis,Gary Bolton ,https://www.linkedin.com/in/gary-bolton-4597511,https://http//www.adtran.com
"Advanced Disposal Services, Inc.",Charlie Appleby ,https://www.linkedin.com/in/charlie-appleby-87528912,Doug Saunders ,https://www.linkedin.com/in/dgsaunders,https://http//www.advanceddisposal.com
"Akoustis Technologies, Inc.",Jeff Shealy ,https://www.linkedin.com/in/jeff-shealy-6529681a,Rohan Houlden ,https://www.linkedin.com/in/rohan-houlden-2445ab12,https://http//www.akoustis.com
"Alaska Communications Systems Group, Inc.",Ned Hayes ,https://www.linkedin.com/in/ned-hayes-36745390,Ned Hayes ,https://www.linkedin.com/in/ned-hayes-36745390,https://http//www.alaskacommunications.com
Algonquin Power & Utilities Corp.,Ian Robertson ,https://ca.linkedin.com/in/ian-robertson-ab123916,Gerald Tremblay ,https://www.linkedin.com/in/gerald-tremblay-8b96b314,https://http//www.algonquinpower.com
Algonquin Power & Utilities Corp.,Ian Robertson ,https://ca.linkedin.com/in/ian-robertson-ab123916,Gerald Tremblay ,https://www.linkedin.com/in/gerald-tremblay-8b96b314,N/A
"Allete, Inc.",Maggie Thickens ,https://www.linkedin.com/in/maggie-thickens-356b1a20,Maggie Thickens ,https://www.linkedin.com/in/maggie-thickens-356b1a20,https://http//www.allete.com
Alliant Energy Corporation,Robert Durian ,https://www.linkedin.com/in/robert-durian-94627291,Robert Durian ,https://www.linkedin.com/in/robert-durian-94627291,https://http//www.alliantenergy.com
Altus Midstream Company,Michael Purcell ,https://www.linkedin.com/in/mipurcell,Jonathan Greenberg ,https://www.linkedin.com/in/jonathan-greenberg-0b455684,https://http//www.altusmidstream.com
Ameren Corporation,Paula Held ,https://www.linkedin.com/in/paula-held-8035908,Mark Brawley ,https://www.linkedin.com/in/mark-brawley-6b9b214b,https://http//www.ameren.com
"America Movil, S.A.B. de C.V.",Mauricio Leyva ,https://mx.linkedin.com/in/mauricio-leyva-a2468520,Rafael Couttolenc ,https://mx.linkedin.com/in/rafael-couttolenc-46726216,https://http//www.americamovil.com
"America Movil, S.A.B. de C.V.",Mauricio Leyva ,https://mx.linkedin.com/in/mauricio-leyva-a2468520,Rafael Couttolenc ,https://mx.linkedin.com/in/rafael-couttolenc-46726216,N/A
"American Electric Power Company, Inc.",Matt Wald ,https://www.linkedin.com/in/mdwald,Nancy Spencer ,https://www.linkedin.com/in/nancy-spencer-66579210,https://http//www.aep.com
"American Midstream Partners, LP",Matthew Rowland ,https://www.linkedin.com/in/matthew-rowland-08223011a,Christopher Dial ,https://www.linkedin.com/in/christopher-dial-266464109,https://http//www.americanmidstream.com
American States Water Company,Floyd Wicks ,https://www.linkedin.com/in/floyd-wicks-0b3b411a,Eva Tang ,https://www.linkedin.com/in/eva-tang-20485154,https://http//www.aswater.com
American Water Works,David LaFrance ,https://www.linkedin.com/in/david-lafrance-9251608,Jim Jenkins ,https://www.linkedin.com/in/jim-jenkins-3907493,https://http//www.amwater.com
Antero Midstream Corporation,500+ Moneypenny profiles ,https://www.linkedin.com/pub/dir/+/Moneypenny,500+ Moneypenny profiles ,https://www.linkedin.com/pub/dir/+/Moneypenny,https://www.a-m.dk/
"Aqua America, Inc.",Christopher Franklin ,https://www.linkedin.com/in/christopher-franklin-5220642,Matthew White ,https://www.linkedin.com/in/matthew-white-0197255,https://www.aquaamerica.com/
AquaVenture Holdings Limited,Lee Muller ,https://www.linkedin.com/in/lee-muller-165ba920,Lee Muller ,https://www.linkedin.com/in/lee-muller-165ba920,https://http//www.aquaventure.com
"Archrock, Inc.",Brad Childers ,https://www.linkedin.com/in/brad-childers-7363955,Paul Burkhart ,https://www.linkedin.com/in/paulburkhart33,https://http//www.archrock.com
Artesian Resources Corporation,Ted Politza ,https://www.linkedin.com/in/ted-politza-3571b946,Pierre Anderson ,https://www.linkedin.com/in/andersonp,https://http//www.artesianwater.com
AT&T Inc.,John Donovan ,https://www.linkedin.com/in/johndonovanatt,Joe Sommer ,https://www.linkedin.com/in/joe-sommer-209a7948,https://http//www.att.com
AT&T Inc.,John Donovan ,https://www.linkedin.com/in/johndonovanatt,Joe Sommer ,https://www.linkedin.com/in/joe-sommer-209a7948,N/A
AT&T Inc.,John Donovan ,https://www.linkedin.com/in/johndonovanatt,Joe Sommer ,https://www.linkedin.com/in/joe-sommer-209a7948,N/A
Atento S.A.,jesus enrique colombo ,https://www.linkedin.com/in/jesus-enrique-colombo-771712ba,Henry Danser ,https://www.linkedin.com/in/henrydanser,https://http//www.atento.com
Atlantica Yield plc,Francisco Martínez,https://www.linkedin.com/in/franciscomartinezdavis,Emiliano García ,https://www.linkedin.com/in/emiliano-garc%C3%ADa-1b8a084,https://http//www.abengoayield.com
Atmos Energy Corporation,J. Charles Goodman ,https://www.linkedin.com/in/j-charles-goodman-0a711b5,Rich Gius ,https://www.linkedin.com/in/rich-gius-a552b44,https://http//www.atmosenergy.com
"ATN International, Inc.",Mary Elizabeth Fairbairn ,https://www.linkedin.com/in/mary-elizabeth-fairbairn-59867b7,Claire Bottineau ,https://www.linkedin.com/in/claire-bottineau-b98ab618,https://http//www.atni.com
AudioCodes Ltd.,shabtai adlersberg ,https://il.linkedin.com/in/shabtai-adlersberg-5a493a1,Tal Dor ,https://il.linkedin.com/in/tal-dor-b9a14472,https://http//www.audiocodes.com
Avalon Holdings Corporation,Angela Marimpietri ,https://www.linkedin.com/in/angela-marimpietri-b4593114b,Ken Nichols ,https://www.linkedin.com/in/ken-nichols-baab5437,https://www.avalonholdings.com/
"Avangrid, Inc.",Andres Alvarez ,https://www.linkedin.com/in/andresalvarezmit,Christian Bilcheck ,https://www.linkedin.com/in/christianbilcheck,https://www.agr.no/
Avaya Holdings Corp.,Terri Yoon ,https://www.linkedin.com/in/terriyoon,David Rose ,https://www.linkedin.com/in/davidloringrose,https://http//www.avaya.com
Avista Corporation,Rob Jacobs ,https://www.linkedin.com/in/rob-jacobs-5964a113,Ryan Krasselt ,https://www.linkedin.com/in/ryan-krasselt-b974b922,https://http//www.avistacorp.com
Azure Power Global Limited,Prince garg – Assistant Manager – EY ,https://in.linkedin.com/in/prince-garg-15866334/de,Result Not Found,No Results,https://http//www.azurepower.com
"BCE, Inc.",Glenn Greene ,https://www.linkedin.com/in/glenn-greene-35ba635,"Blake Lindsay, CISSP ",https://www.linkedin.com/in/blakelindsay,https://http//www.bce.ca
Black Hills Corporation,Mark Lux ,https://www.linkedin.com/in/mark-lux-47aa20ab,"Karen Beachy, CPSM ",https://www.linkedin.com/in/karenhimes,https://http//www.blackhillscorp.com
Brookfield Renewable Partners L.P.,Bryan Tokarsky ,https://ca.linkedin.com/in/bryan-tokarsky-007999a,Bryan Tokarsky ,https://ca.linkedin.com/in/bryan-tokarsky-007999a,https://www.bep.brookfield.com/
BT Group plc,Gavin Patterson ,https://uk.linkedin.com/in/gavin-patterson-19b9865b?trk=pub-pbmap,Stephen Clayton ,https://uk.linkedin.com/in/stephen-clayton-563a868,https://http//www.bt.com
"Cadiz, Inc.",Stephanie Gerken ,https://www.linkedin.com/in/stephanie-gerken-b5031564,Courtney Degener ,https://www.linkedin.com/in/courtney-degener-61239913,https://http//www.cadizinc.com
California Water Service Group Holding,Result Not Found,No Results,Result Not Found,No Results,N/A
"Casella Waste Systems, Inc.",Edwin Johnson ,https://www.linkedin.com/in/edwin-johnson-12896330,Jason Mead ,https://www.linkedin.com/in/jason-mead-0620b155,https://http//www.casella.com
"Cellcom Israel, Ltd.",Nurit Cohen ,https://il.linkedin.com/in/nurit-cohen-31464626,Arik Kalisher ,https://gr.linkedin.com/pub/arik-kalisher/3b/406/381?trk=biz_employee_pub,https://http//www.cellcom.co.il
"CenterPoint Energy, Inc.",Timothy Floyd ,https://www.linkedin.com/in/timothy-floyd-a465565,Jeff Bonham ,https://www.linkedin.com/in/jeff-bonham-87a2b08,https://http//www.centerpointenergy.com
Centrais Electricas Brasileiras S.A.- Eletrobras,Result Not Found,Bilingual Executive Secretary (Executive Assistant) to the CEO ... Centrais Elétricas Brasileiras S.A. – ELETROBRÁS: Brazilian National Eletricity Generating ...,Result Not Found,"Centrais Elétricas Brasileiras S.A. - Eletrobras. março de 2009 – o momento 10 anos 1 mês. Rio de Janeiro e Região, Brasil ...",https://http//www.eletrobras.com
Central Puerto S.A.,Jorge Rauber ,https://ar.linkedin.com/in/jorge-rauber-69123046,Nicolas Pablo Macchi ,https://www.linkedin.com/in/nicolas-pablo-macchi-2b5b5857,https://http//www.centralpuerto.com
"CenturyLink, Inc.",Martha Bejar ,https://www.linkedin.com/in/martha-bejar-5223b534,Mike McNamara ,https://www.linkedin.com/in/mike-mcnamara-450ba19,https://http//www.centurylink.com
"Cheniere Energy Partners, LP",Jamie Welch ,https://www.linkedin.com/in/jamie-welch-03408113,Jon Gross ,https://www.linkedin.com/in/jon-gross-5388b629,https://http//www.cheniereenergypartners.com
"Cheniere Energy, Inc.",Nancy Garcia ,https://www.linkedin.com/in/nancy-garcia-785140a5,Lisa Sawyer ,https://www.linkedin.com/in/lisa-sawyer-883b787,https://http//www.cheniere.com
Chesapeake Utilities Corporation,Ron Forsythe ,https://www.linkedin.com/in/ronforsythe,Jack Lewnard ,https://www.linkedin.com/in/jacklewnard,https://http//www.chpk.com
China Mobile (Hong Kong) Ltd.,Marvin Lam ,https://hk.linkedin.com/in/marvin-lam-053b0b76,梁国伟,https://www.linkedin.com/in/%E5%9B%BD%E4%BC%9F-%E6%A2%81-323ab5126,https://http//www.chinamobileltd.com
China Telecom Corp Ltd,Nancy Cai ,https://www.linkedin.com/in/nancycai,Nancy Cai ,https://www.linkedin.com/in/nancycai,https://http//www.chinatelecom-h.com
China Unicom (Hong Kong) Ltd,Top 25 Inverter profiles ,https://www.linkedin.com/pub/dir/Inverter/+,"Youssef El Chami, PMP ",https://www.linkedin.com/in/youssef-el-chami-pmp-81493449,https://http//www.chinaunicom.com.hk
"Chunghwa Telecom Co., Ltd.",Adms Chung ,https://www.linkedin.com/in/admsc,Kuang,https://tw.linkedin.com/in/kuang-yao-chang-b7550421,https://http//www.cht.com.tw
Ciena Corporation,Gary B. Smith ,https://www.linkedin.com/in/garysmithciena,Beth Dolce ,https://www.linkedin.com/in/beth-dolce-17751117,https://http//www.ciena.com
Cincinnati Bell Inc,Leigh Fox ,https://www.linkedin.com/in/leigh-fox-041b179,Christopher Wilson ,https://www.linkedin.com/in/christopher-wilson-657a0b13,https://http//www.cincinnatibell.com
Clean Energy Fuels Corp.,Andrew Littlefair ,https://www.linkedin.com/in/andrew-littlefair-6b058888,Bart Frabotta ,https://www.linkedin.com/in/bartfrabotta,https://www.cleanenergyfuels.com/
"Clearfield, Inc.",Cheri Beranek ,https://www.linkedin.com/in/cheri-beranek-3314277,Mark Del Vecchio ,https://www.linkedin.com/in/mark-del-vecchio-60268b13,https://http//www.seeclearfield.com
"ClearOne, Inc.",Zee Hakimoglu ,https://www.linkedin.com/in/zee-hakimoglu-7112484,Zee Hakimoglu ,https://www.linkedin.com/in/zee-hakimoglu-7112484,https://http//www.clearone.com
"Clearway Energy, Inc.",Christopher Sotos ,https://www.linkedin.com/in/christopher-sotos-4b3b805,Jim Lodge ,https://www.linkedin.com/in/jimlodge,https://http//www.clearwayenergy.com
CMS Energy Corporation,Christopher Helms ,https://www.linkedin.com/in/christopher-helms-68767356,Melissa Gleespen ,https://www.linkedin.com/in/melissa-gleespen-57ba5822,https://http//www.cmsenergy.com
CMS Energy Corporation,Melissa Gleespen ,https://www.linkedin.com/in/melissa-gleespen-57ba5822,Melissa Gleespen ,https://www.linkedin.com/in/melissa-gleespen-57ba5822,N/A
CMS Energy Corporation,Melissa Gleespen ,https://www.linkedin.com/in/melissa-gleespen-57ba5822,Melissa Gleespen ,https://www.linkedin.com/in/melissa-gleespen-57ba5822,N/A
CMS Energy Corporation,Christopher Helms ,https://www.linkedin.com/in/christopher-helms-68767356,Melissa Gleespen ,https://www.linkedin.com/in/melissa-gleespen-57ba5822,N/A
CMS Energy Corporation,Christopher Helms ,https://www.linkedin.com/in/christopher-helms-68767356,Melissa Gleespen ,https://www.linkedin.com/in/melissa-gleespen-57ba5822,N/A
CNX Midstream Partners LP,Brian Rich ,https://www.linkedin.com/in/brian-rich-a1211350,"Everett Good, CPA ",https://www.linkedin.com/in/everett-good-cpa-1b95218,https://http//www.cnxmidstream.com
"Communications Systems, Inc.",Tom Rickert ,https://www.linkedin.com/in/tom-rickert-835a7b3,Richard Deranleau ,https://www.linkedin.com/in/richard-deranleau-b577275,https://http//www.commsystems.com
Comp En De Mn Cemig ADS,Result Not Found,No Results,Result Not Found,No Results,https://http//www.cemig.com.br
Companhia de saneamento Basico Do Estado De Sao Paulo - Sabesp,Sergio Werneck Filho ,https://br.linkedin.com/in/sergio-werneck-filho,Darcy Brega ,https://br.linkedin.com/in/darcy-brega-420a8128,https://http//www.sabesp.com.br
Companhia Paranaense de Energia (COPEL),Vlademir Daleffe ,https://br.linkedin.com/in/vlademir-daleffe-73b64aa3,Edgar Delfino Júnior ,https://www.linkedin.com/pub/edgar-delfino-j%C3%BAnior/45/a95/440,https://http//www.copel.com
"Connecticut Water Service, Inc.",David Benoit ,https://www.linkedin.com/in/david-benoit-baa25726,Paul Lowry ,https://www.linkedin.com/in/paul-lowry-17587bb,https://http//www.ctwater.com
"Consolidated Communications Holdings, Inc.",Bob Udell ,https://www.linkedin.com/in/bob-udell-a290505,Brian Carr ,https://www.linkedin.com/in/brian-carr-82b94ba,https://www.consolidated.com/
Consolidated Edison Inc,John McAvoy ,https://www.linkedin.com/in/john-mcavoy-019a0224,John McAvoy ,https://www.linkedin.com/in/john-mcavoy-019a0224,https://http//www.conedison.com
Consolidated Water Co. Ltd.,Jeffrey Parker ,https://www.linkedin.com/in/jeffrey-parker-8b94575,Brent Brodie ,https://www.linkedin.com/in/brent-brodie-a3019714,https://http//www.cwco.com
CPFL Energia S.A.,Martin Roberto Glogowsky ,https://br.linkedin.com/in/martinglogowsky,Daniel Antonelli ,https://www.linkedin.com/in/danielantonelli,https://http//www.cpfl.com.br
"DASAN Zhone Solutions, Inc.",Jerry Lee ,https://www.linkedin.com/in/jerry-lee-0937b29a,Blair King ,https://www.linkedin.com/in/blairmking,https://www.dasanzhone.com/
DCP Midstream LP,Michael S. Richards ,https://www.linkedin.com/in/michael-s-richards-5910ba10,Steve Van Hooser ,https://www.linkedin.com/in/steve-van-hooser-1125955,https://http//www.dcpmidstream.com
"Dominion Energy, Inc.",Mark Webb ,https://www.linkedin.com/in/mark-webb-a4764a29,Mark Webb ,https://www.linkedin.com/in/mark-webb-a4764a29,https://http//www.dominionenergy.com
"Dominion Energy, Inc.",Mark Webb ,https://www.linkedin.com/in/mark-webb-a4764a29,Mark Webb ,https://www.linkedin.com/in/mark-webb-a4764a29,N/A
"Dominion Energy, Inc.",Mark Webb ,https://www.linkedin.com/in/mark-webb-a4764a29,Mark Webb ,https://www.linkedin.com/in/mark-webb-a4764a29,N/A
DTE Energy Company,Kevin Johnson ,https://www.linkedin.com/in/kevin-johnson-2b6b5868,Lisa Muschong ,https://www.linkedin.com/in/lisa-muschong-7b98ab134,https://www.newlook.dteenergy.com/
DTE Energy Company,Kevin Johnson ,https://www.linkedin.com/in/kevin-johnson-2b6b5868,Lisa Muschong ,https://www.linkedin.com/in/lisa-muschong-7b98ab134,N/A
DTE Energy Company,Kevin Johnson ,https://www.linkedin.com/in/kevin-johnson-2b6b5868,Lisa Muschong ,https://www.linkedin.com/in/lisa-muschong-7b98ab134,N/A
DTE Energy Company,Kevin Johnson ,https://www.linkedin.com/in/kevin-johnson-2b6b5868,Lisa Muschong ,https://www.linkedin.com/in/lisa-muschong-7b98ab134,https://http//www.directv.com
DTE Energy Company,Kevin Johnson ,https://www.linkedin.com/in/kevin-johnson-2b6b5868,Lisa Muschong ,https://www.linkedin.com/in/lisa-muschong-7b98ab134,N/A
DTE Energy Company,Kevin Johnson ,https://www.linkedin.com/in/kevin-johnson-2b6b5868,Lisa Muschong ,https://www.linkedin.com/in/lisa-muschong-7b98ab134,N/A
Duke Energy Corporation,Lynn Good ,https://www.linkedin.com/in/lynn-good-831b4a112,Melisa Johns ,https://www.linkedin.com/in/melisa-johns-1a5b9523,https://http//www.duke-energy.com
Duke Energy Corporation,Lynn Good ,https://www.linkedin.com/in/lynn-good-831b4a112,Melisa Johns ,https://www.linkedin.com/in/melisa-johns-1a5b9523,N/A
Duke Energy Corporation,Lynn Good ,https://www.linkedin.com/in/lynn-good-831b4a112,Melisa Johns ,https://www.linkedin.com/in/melisa-johns-1a5b9523,N/A
Edison International,Pedro Pizarro ,https://www.linkedin.com/in/pedro-pizarro-087a5287,Oded J Rhone ,https://www.linkedin.com/in/odedjrhone,https://www.edison.com/
El Paso Corporation,Louis Krannich ,https://www.linkedin.com/in/louis-krannich-0251878,Oscar Gonzalez ,https://www.linkedin.com/in/oscar-gonzalez-4b99697,N/A
El Paso Electric Company,David Stevens ,https://www.linkedin.com/in/david-stevens-9704b514,"Victor F. Rueda, SPHR, SHRM",https://www.linkedin.com/in/victofrueda-sphr,https://http//www.epelectric.com
Ellomay Capital Ltd.,Oren Ziv ,https://www.linkedin.com/in/oren-ziv-13b31a1a,Itzik Zion ,https://www.linkedin.com/in/itzik-zion-1412b230,https://http//www.ellomay.com
Empresa Distribuidora Y Comercializadora Norte S.A. (Edenor),Nestor Bruno Zapatero ,https://ar.linkedin.com/in/nestor-bruno-zapatero-811699a,Result Not Found,No Results,https://http//www.edenor.com
"Enable Midstream Partners, LP",Jeff Brinlee ,https://www.linkedin.com/in/jeff-brinlee-87b337166,Craig Harris ,https://www.linkedin.com/in/craig-harris-5b077510,https://http//www.enablemidstream.com
Enel Americas S.A.,Aurelio Oliveira ,https://www.linkedin.com/in/aurelio-bustilho-de-oliveira-223a2724/en,Aurelio Oliveira ,https://br.linkedin.com/in/aurelio-bustilho-de-oliveira-223a2724/en,https://http//www.enelamericas.cl
Enel Chile S.A.,Nicolás Billikopf ,https://cl.linkedin.com/in/nicol%C3%A1s-billikopf-677492a,Result Not Found,No Results,https://www.enelchile.cl/
Energy Transfer L.P.,Rob Kerrigan ,https://www.linkedin.com/in/rob-kerrigan-9435a539,"Chuck Frey, P.E. ",https://www.linkedin.com/in/chuck-frey-p-e-7930354b,https://http//www.exacttarget.com
"EnLink Midstream, LLC","Chuck Frey, P.E. ",https://www.linkedin.com/in/chuck-frey-p-e-7930354b,"Chuck Frey, P.E. ",https://www.linkedin.com/in/chuck-frey-p-e-7930354b,https://http//www.enlink.com
"Entergy Arkansas, LLC","Chuck Frey, P.E. ",https://www.linkedin.com/in/chuck-frey-p-e-7930354b,"Chuck Frey, P.E. ",https://www.linkedin.com/in/chuck-frey-p-e-7930354b,N/A
"Entergy Arkansas, LLC",Laura Landreaux ,https://www.linkedin.com/in/laura-landreaux-60234489,Michael Considine ,https://www.linkedin.com/in/michael-considine-a8639012,N/A
"Entergy Arkansas, LLC",Laura Landreaux ,https://www.linkedin.com/in/laura-landreaux-60234489,Michael Considine ,https://www.linkedin.com/in/michael-considine-a8639012,N/A
Entergy Corporation,Leo Denault ,https://www.linkedin.com/in/leo-denault-91807532,Marcus Brown ,https://www.linkedin.com/in/marcus-brown-99072810,https://http//www.entergy.com
"Entergy Louisiana, Inc.",Clifton D. Avant Sr. ,https://www.linkedin.com/in/clifton-d-avant-sr-1b735126,Bill Kinkade ,https://www.linkedin.com/in/bill-kinkade-5600ab15,N/A
"Entergy Louisiana, Inc.",Clifton D. Avant Sr. ,https://www.linkedin.com/in/clifton-d-avant-sr-1b735126,Bill Kinkade ,https://www.linkedin.com/in/bill-kinkade-5600ab15,N/A
"Entergy Louisiana, Inc.",Clifton D. Avant Sr. ,https://www.linkedin.com/in/clifton-d-avant-sr-1b735126,Bill Kinkade ,https://www.linkedin.com/in/bill-kinkade-5600ab15,N/A
"Entergy Mississippi, LLC",Darlene Normand ,https://www.linkedin.com/in/darlene-normand-72780256,Chris Shaw ,https://www.linkedin.com/in/chris-shaw-03ba50a,N/A
"Entergy New Orleans, LLC",David Ellis ,https://www.linkedin.com/in/david-ellis-868b6111,Andrew Marsh ,https://www.linkedin.com/in/andrew-marsh-1a346bb7,N/A
"Entergy New Orleans, LLC",David Ellis ,https://www.linkedin.com/in/david-ellis-868b6111,Andrew Marsh ,https://www.linkedin.com/in/andrew-marsh-1a346bb7,N/A
Entergy Texas Inc,Sallie Rainer ,https://www.linkedin.com/in/sallie-rainer-b3573646,W. Dale Claudel ,https://www.linkedin.com/in/w-dale-claudel-312b223,N/A
Enterprise Products Partners L.P.,Marsha Schiller ,https://www.linkedin.com/in/marsha-schiller-b944a619,Delbert Fore ,https://www.linkedin.com/in/delbert-fore-54838634,https://http//www.enterpriseproducts.com
"EQM Midstream Partners, LP",Michael Wesolowski ,https://www.linkedin.com/in/mweso,David Keith ,https://www.linkedin.com/in/david-keith-04325652/de,https://http//www.eqtmidstreampartners.com
Equitrans Midstream Corporation,David Porges ,https://www.linkedin.com/in/david-porges-b28bb656,Carmine Fantini ,https://www.linkedin.com/in/carmine-fantini-23034a62,https://http//www.equitransmidstream.com
"Estre Ambiental, Inc.",Result Not Found,No Results,Result Not Found,No Results,https://http//www.boulevardacq.com
"Estre Ambiental, Inc.",Result Not Found,No Results,Result Not Found,No Results,https://http//www.boulevardacq.com
"Evergy, Inc.",Lori Wright ,https://www.linkedin.com/in/lori-wright-2314328,Lori Wright ,https://www.linkedin.com/in/lori-wright-2314328,https://http//www.westarenergy.com
Eversource Energy,Christine Carmody ,https://www.linkedin.com/in/christine-carmody-44a5594,Penni McLean,https://www.linkedin.com/in/penni-mclean-conner-b8743912,https://www.eversource.com/
Exelon Corporation,Michael Kurzeja ,https://www.linkedin.com/in/michael-kurzeja-5b41286,Brian E. Hoff ,https://www.linkedin.com/in/brian-e-hoff-67b4ab5,https://http//www.exeloncorp.com
Fabrinet,Tom Mitchell ,https://www.linkedin.com/in/tom-mitchell-5bb0824,Csaba Sverha ,https://www.linkedin.com/in/csaba-sverha-5a936417,https://http//www.fabrinet.com
FirstEnergy Corp.,John Judge ,https://www.linkedin.com/in/john-judge-28439221,Ernie Maley ,https://www.linkedin.com/in/ernie-maley-9296339b,https://http//www.firstenergycorp.com
Fortis Inc.,Jocelyn Perry ,https://ca.linkedin.com/in/jocelyn-perry-1b494b2a,James Laurito ,https://www.linkedin.com/in/james-laurito-03509321,https://http//www.fortisinc.com
Frontier Communications Corporation,Melinda White ,https://www.linkedin.com/in/melindawhiteexec,Bill McGloin ,https://www.linkedin.com/in/billmcgloin,https://www.frontier.com/
"FTE Networks, Inc.",Theresa Carlise ,https://www.linkedin.com/in/theresacarlise,Jeffrey Smock ,https://www.linkedin.com/in/jeffrey-smock-2b59a9141,https://http//www.ftenet.com
"GCI Liberty, Inc.",John Hegarty ,https://www.linkedin.com/in/john-hegarty-9569a08,Sue Ann Robbins Hamilton ,https://www.linkedin.com/in/sue-ann-robbins-hamilton-441962a,https://http//www.gciliberty.com
"GCI Liberty, Inc.",John Hegarty ,https://www.linkedin.com/in/john-hegarty-9569a08,Sue Ann Robbins Hamilton ,https://www.linkedin.com/in/sue-ann-robbins-hamilton-441962a,https://http//www.gciliberty.com
Genie Energy Ltd.,Michael Stein ,https://www.linkedin.com/in/michael-stein-0439175a,Michael Stein ,https://www.linkedin.com/in/michael-stein-0439175a,https://http//www.genie.com
Georgia Power Company,Jennifer Winn ,https://www.linkedin.com/in/jennifer-winn-b59488a9,Sloane Evans ,https://www.linkedin.com/in/sloane-evans-8b0a943,N/A
"Global Water Resources, Inc.",Ed Borromeo ,https://www.linkedin.com/in/edborromeo,Ed Borromeo ,https://www.linkedin.com/in/edborromeo,https://www.gwresources.com/
"Glowpoint, Inc.",Peter Holst ,https://www.linkedin.com/in/peter-holst-b3018611,Matt Thompson ,https://www.linkedin.com/in/mthompsonj,https://http//www.glowpoint.com
"GTT Communications, Inc.",Jason Ness ,https://www.linkedin.com/in/jasonrness,Mike Winston ,https://www.linkedin.com/in/mpwinston,https://www.gtt.net/
"Hawaiian Electric Industries, Inc.",Constance H. Lau ,https://www.linkedin.com/in/constance-h-lau-72a40a120,Paul Ito ,https://www.linkedin.com/in/paulitohawaii,https://http//www.hei.com
"Huaneng Power International, Inc.",Jerry Chen ,https://www.linkedin.com/in/jerry-chen-381b00132,Lisys email ,https://www.linkedin.com/in/lisys-email-aaa0a2112,https://http//www.hpi.com.cn
"IDACORP, Inc.",J LaMont Keen ,https://www.linkedin.com/in/j-lamont-keen-03177414,Rex Blackburn ,https://www.linkedin.com/in/rex-blackburn-2477358a,https://http//www.idacorpinc.com
IDT Corporation,David Wartell ,https://www.linkedin.com/in/wartell,Alex Schwarz ,https://www.linkedin.com/in/alex-schwarz-26a8b38,https://http//www.idt.net
Infinera Corporation,John Daane ,https://www.linkedin.com/in/john-daane-03952738,Lisa Byerly Dettling ,https://www.linkedin.com/in/lisa-byerly-dettling-8a42525,https://http//www.infinera.com
Internet Gold Golden Lines Ltd.,Ehud Yahalom ,https://www.linkedin.com/in/ehud-yahalom-630474a2,Meir Bardugo ,https://il.linkedin.com/in/meir-bardugo-85279843,https://http//www.igld.com
Interstate Power and Light Company,Anne Carter ,https://www.linkedin.com/in/anne-carter-5937562,Mark McCune ,https://www.linkedin.com/in/markgmccune,https://http//www.alliantenergy.com
Jensyn Acquistion Corp.,Result Not Found,No Results,Result Not Found,No Results,https://http//www.jensyn.com
Jensyn Acquistion Corp.,Result Not Found,No Results,Result Not Found,No Results,https://http//www.jensyn.com
Jensyn Acquistion Corp.,Result Not Found,No Results,Result Not Found,No Results,https://http//www.jensyn.com
Jensyn Acquistion Corp.,Result Not Found,No Results,Result Not Found,No Results,https://http//www.jensyn.com
"Just Energy Group, Inc.",Pat McCullough ,https://www.linkedin.com/in/mcculloughceo,Lu Zhang ,https://ca.linkedin.com/in/lu-zhang-8b238611,N/A
Kenon Holdings Ltd.,Cyril Ducau ,https://sg.linkedin.com/in/cyril-ducau-3506939,Barak Cohen ,https://sg.linkedin.com/in/barak-cohen-2a8b0b35,https://http//www.kenon-holdings.com
"Kinder Morgan, Inc.",Richard Kinder ,https://www.linkedin.com/in/richard-kinder-a7b2b759,Catherine Callaway James ,https://www.linkedin.com/in/catherine-callaway-james-2b515b27,https://http//www.kindermorgan.com
Korea Electric Power Corporation,Seok,https://jo.linkedin.com/in/seok-bae-yun-3a772b3b,Young Jin (Eugene) Bae ,https://www.linkedin.com/in/young-jin-eugene-bae-75929361,https://http//www.kepco.co.kr
KT Corporation,Evan Koslow ,https://www.linkedin.com/in/evan-koslow-6625469,Mark Hyung,https://www.linkedin.com/in/mark-hyung-joon-kim-1027a48,https://http//www.kt.com
MER Telemanagement Solutions Ltd.,Shahar Ismailov ,https://www.linkedin.com/in/shahar-ismailov-1336291,Shahar Ismailov ,https://www.linkedin.com/in/shahar-ismailov-1336291,https://http//www.mtsint.com
Middlesex Water Company,Dennis Doll ,https://www.linkedin.com/in/dennis-doll-93469830,Jay Kooper ,https://www.linkedin.com/in/jay-kooper-787a432,https://http//www.middlesexwater.com
Millicom International Cellular S.A.,Brian Hennessey ,https://www.linkedin.com/in/brian-hennessey-baa19115,Miguel Angel Garay ,https://www.linkedin.com/in/miguel-angel-garay-0091652,https://http//www.millicom.com
Mobile TeleSystems OJSC,shibu john ,https://sg.linkedin.com/in/shibu-john-ba789343,Alexander C. ,https://www.linkedin.com/in/achubarov,https://http//www.mtsgsm.com
National Fuel Gas Company,"Josh Torrance, MBA ",https://www.linkedin.com/in/josh-torrance-mba-30630137,Sarah Mugel ,https://www.linkedin.com/in/sarah-mugel-708551145,https://http//www.nationalfuelgas.com
"National Grid Transco, PLC",Ravi Chalavadi ,https://www.linkedin.com/in/ravi-chalavadi-66030018,Tim Hargest ,https://www.linkedin.com/in/tim-hargest-2b515b4,https://http//www.nationalgrid.com
"NETGEAR, Inc.",Jeff Capone ,https://www.linkedin.com/in/jeffcapone,Scott McDermott ,https://www.linkedin.com/in/scmcdermott,https://http//www.netgear.com
New Fortress Energy LLC,Scott Winchester ,https://www.linkedin.com/in/scott-winchester-081828a,Scott Winchester ,https://www.linkedin.com/in/scott-winchester-081828a,https://www.newfortressenergy.com/
NewJersey Resources Corporation,Scott Winchester ,https://www.linkedin.com/in/scott-winchester-081828a,Scott Winchester ,https://www.linkedin.com/in/scott-winchester-081828a,https://http//www.njresources.com
NextDecade Corporation,Matt Schatzman ,https://www.linkedin.com/in/matt-schatzman-8239653a,Shaun Davison ,https://www.linkedin.com/in/shaun-davison-9735a6a,https://www.next-decade.com/
"NextEra Energy Partners, LP",Robert J. Byrne ,https://www.linkedin.com/in/robert-j-byrne-16075a9,Daniel Lotano ,https://www.linkedin.com/in/daniel-lotano-501a214,https://http//www.nexteraenergypartners.com
"NextEra Energy, Inc.","Jason Piepmeier, CFA, CFP®, CRPC ",https://www.linkedin.com/in/jasonpiepmeier,David Reuter ,https://www.linkedin.com/in/david-reuter-8746298,https://http//www.nexteraenergy.com
"Niagara Mohawk Holdings, Inc.",Mark Ranalli ,https://www.linkedin.com/in/mark-ranalli-62a988a/de,Mark Ranalli ,https://www.linkedin.com/in/mark-ranalli-62a988a,N/A
"Niagara Mohawk Holdings, Inc.",Mark Ranalli ,https://www.linkedin.com/in/mark-ranalli-62a988a/de,Mark Ranalli ,https://www.linkedin.com/in/mark-ranalli-62a988a,N/A
"NII Holdings, Inc.",Steve Shindler ,https://www.linkedin.com/in/steve-shindler-0621226,Kevin Polchow ,https://www.linkedin.com/in/kevin-polchow-085b844,https://http//www.nii.com
"NiSource, Inc",Rick Harris ,https://www.linkedin.com/in/rick-harris-01a4b457,John Nassos ,https://www.linkedin.com/in/john-nassos-3656a79,https://http//www.nisource.com
"NiSource, Inc",Rick Harris ,https://www.linkedin.com/in/rick-harris-01a4b457,John Nassos ,https://www.linkedin.com/in/john-nassos-3656a79,N/A
Northwest Natural Holding Company,Result Not Found,No Results,Result Not Found,No Results,https://www.nwnatural.com/
NorthWestern Corporation,Michael Hanson ,https://www.linkedin.com/in/michael-hanson-23b4971b,Kendall Kliewer ,https://www.linkedin.com/in/kendall-kliewer-3145488,https://http//www.northwesternenergy.com
"NRG Energy, Inc.",Christopher Sotos ,https://www.linkedin.com/in/christopher-sotos-4b3b805,Judith Lagano ,https://www.linkedin.com/in/judith-lagano-a82b243,N/A
"Ocean Power Technologies, Inc.",Terence J. Cryan ,https://www.linkedin.com/in/terencecryan,Dave Stewart ,https://www.linkedin.com/in/dave-stewart-59426710,https://http//www.oceanpowertechnologies.com
OGE Energy Corp,Peter Delaney ,https://www.linkedin.com/in/peter-delaney-b1196bb,Lisa Holloway ,https://www.linkedin.com/in/lisa-holloway-57590815,https://http//www.oge.com
"ONE Gas, Inc.",Susan Evans ,https://www.linkedin.com/in/susan-evans-969135118,Julie A. White ,https://www.linkedin.com/in/julie-a-white,https://http//www.onegas.com
"ONEOK, Inc.",Brian Derksen ,https://www.linkedin.com/in/brian-derksen-b4081934,Steve Dixon ,https://www.linkedin.com/in/steve-dixon-28039344,https://http//www.oneok.com
Orange,Aminata Kane ,https://www.linkedin.com/in/aminata-kane-6a70551b,MIKEL,https://www.linkedin.com/pub/mikel-ange-orange/23/65a/227,https://http//www.orange.com
"Ormat Technologies, Inc.",Isaac Angel ,https://www.linkedin.com/in/isaac-angel-7b62b835,Isaac Angel ,https://www.linkedin.com/in/isaac-angel-7b62b835,https://www.ormat.com/
Otelco Inc.,Robert Souza ,https://www.linkedin.com/in/robert-souza-4114068,Robert Souza ,https://www.linkedin.com/in/robert-souza-4114068,https://www.otelco.com/
Otter Tail Corporation,Robert Souza ,https://www.linkedin.com/in/robert-souza-4114068,Paul Knutson ,https://www.linkedin.com/in/paullknutson,https://http//www.ottertail.com
Pacific Gas & Electric Co.,Steven Knaebel ,https://www.linkedin.com/in/steveknaebel,Christopher Groff ,https://www.linkedin.com/in/christopher-groff-20b2ba8,https://http//www.pge.com
Pampa Energia S.A.,Gabriel Cohen ,https://www.linkedin.com/in/gabriel-cohen-750617a7,William McKeown ,https://www.linkedin.com/in/william-mckeown-171b966,https://http//www.pampaenergia.com
Partner Communications Company Ltd.,Gal Frenkel ,https://www.linkedin.com/in/galfrenkel,Michal Dana ,https://www.linkedin.com/in/michal-dana-3a138614,https://http//www.partner.co.il
Pattern Energy Group Inc.,Chris Shugart ,https://www.linkedin.com/in/chris-shugart-62b2642,Dean Russell ,https://www.linkedin.com/in/dean-russell-18294394,https://patternenergy.com/
"pdvWireless, Inc.",Peter Lasensky ,https://www.linkedin.com/in/peterlasensky,Butch Musselman ,https://www.linkedin.com/in/butch-musselman-1a45a73,https://http//www.pdvwireless.com
Pinnacle West Capital Corporation,Paul Mountain ,https://www.linkedin.com/in/paulmountain,Robbie Aiken ,https://www.linkedin.com/in/robbie-aiken-93926825,https://http//www.pinnaclewest.com
"Plantronics, Inc.",Joe Burton ,https://www.linkedin.com/in/joe-burton,Sue Hansen ,https://www.linkedin.com/in/sue-hansen-5924b210,https://http//www.plantronics.com
PLDT Inc.,Kat Luna ,https://ph.linkedin.com/in/kat-luna-abelarde-b525149a,Ronaldo David Mendoza ,https://www.linkedin.com/in/ronaldo-david-mendoza-b83000a3,https://http//www.pldt.com.ph
"PNM Resources, Inc. (Holding Co.)",Result Not Found,No Results,Result Not Found,No Results,https://http//www.pnmresources.com
Portland General Electric Company,Barbara Halle ,https://www.linkedin.com/in/barbara-halle-21471038,Arleen Barnett ,https://www.linkedin.com/in/arleen-barnett-22735735,N/A
"PPL Capital Funding, Inc.",Result Not Found,No Results,Result Not Found,No Results,N/A
PPL Corporation,ANDREW THEADFORD ,https://www.linkedin.com/in/andrew-theadford-8852445a,Marlene Beers ,https://www.linkedin.com/in/marlene-beers-23907143,https://http//www.pplweb.com
"PT Telekomunikasi Indonesia, Tbk",Honesti Basyir ,https://in.linkedin.com/pub/honesti-basyir/9a/b5a/94b?trk=biz_employee_pub,Alit Atmaja ,https://www.linkedin.com/in/alitatmaja,N/A
Public Service Enterprise Group Incorporated,Yelena Khusid ,https://www.linkedin.com/in/yelena-khusid-5a63612,Jing Liao ,https://www.linkedin.com/in/jing-liao-12a8133,https://http//www.pseg.com
Pure Cycle Corporation,Mark Harding ,https://www.linkedin.com/in/mark-harding-0286a36,Mark Harding ,https://www.linkedin.com/in/mark-harding-0286a36,https://http//www.purecyclewater.com
Qwest Corporation,John Badal ,https://www.linkedin.com/in/john-badal-2331923b,Karen DuWaldt ,https://www.linkedin.com/in/karen-duwaldt-76a58012,N/A
Qwest Corporation,John Badal ,https://www.linkedin.com/in/john-badal-2331923b,Karen DuWaldt ,https://www.linkedin.com/in/karen-duwaldt-76a58012,N/A
Qwest Corporation,John Badal ,https://www.linkedin.com/in/john-badal-2331923b,Karen DuWaldt ,https://www.linkedin.com/in/karen-duwaldt-76a58012,N/A
Qwest Corporation,John Badal ,https://www.linkedin.com/in/john-badal-2331923b,Karen DuWaldt ,https://www.linkedin.com/in/karen-duwaldt-76a58012,https://http//www.commscope.com
Qwest Corporation,John Badal ,https://www.linkedin.com/in/john-badal-2331923b,Karen DuWaldt ,https://www.linkedin.com/in/karen-duwaldt-76a58012,https://www.citycon.fi/
Qwest Corporation,John Badal ,https://www.linkedin.com/in/john-badal-2331923b,Karen DuWaldt ,https://www.linkedin.com/in/karen-duwaldt-76a58012,N/A
"Republic Services, Inc.",Don Slager ,https://www.linkedin.com/in/don-slager,Brian Bales ,https://www.linkedin.com/in/brianbales1,https://www.republicservices.com/
RGC Resources Inc.,Richard Campbell ,https://www.linkedin.com/in/richard-campbell-5b70a17,Dale Lee ,https://www.linkedin.com/in/dale-lee-44485341,https://http//www.rgcresources.com
Sempra Energy,Michael Schneider ,https://www.linkedin.com/in/michael-schneider-26145658,Michael Schneider ,https://www.linkedin.com/in/michael-schneider-26145658,https://http//www.sempra.com
Sempra Energy,Michael Schneider ,https://www.linkedin.com/in/michael-schneider-26145658,Michael Schneider ,https://www.linkedin.com/in/michael-schneider-26145658,N/A
Shenandoah Telecommunications Co,Matt DeMaria ,https://www.linkedin.com/in/matt-demaria-4b52b37,Matthew Lambert ,https://www.linkedin.com/in/matthew-lambert-439180aa,https://http//www.shentel.com
SJW Group,Scott Weiner ,https://www.linkedin.com/in/scottjweiner,Dana Drysdale ,https://www.linkedin.com/in/dana-drysdale-2399395,https://www.sjwgroup.com/
"SK Telecom Co., Ltd.",Abdulhamid Aljubair ,https://sa.linkedin.com/in/abdulhamid-aljubair-7092b631,David Kim ,https://www.linkedin.com/in/david-kim-b0121426,https://http//www.sktelecom.com
"Sky Solar Holdings, Ltd.",Hong Chen ,https://www.linkedin.com/in/hong-chen-2a444911,Hong Chen ,https://www.linkedin.com/in/hong-chen-2a444911,https://http//www.skysolarholdings.com
"South Jersey Industries, Inc.",Stephen Clark ,https://www.linkedin.com/in/stephen-clark-4991475,Stephen Clark ,https://www.linkedin.com/in/stephen-clark-4991475,https://www.sjindustries.com/
"South Jersey Industries, Inc.",Stephen Clark ,https://www.linkedin.com/in/stephen-clark-4991475,Stephen Clark ,https://www.linkedin.com/in/stephen-clark-4991475,N/A
Southern Company (The),Dan Murray ,https://www.linkedin.com/in/dan-murray-02a0386,Dan Murray ,https://www.linkedin.com/in/dan-murray-02a0386,https://http//www.southerncompany.com
Southern Company (The),Dan Murray ,https://www.linkedin.com/in/dan-murray-02a0386,Dan Murray ,https://www.linkedin.com/in/dan-murray-02a0386,N/A
Southern Company (The),Dan Murray ,https://www.linkedin.com/in/dan-murray-02a0386,Dan Murray ,https://www.linkedin.com/in/dan-murray-02a0386,N/A
Southern Company (The),Dan Murray ,https://www.linkedin.com/in/dan-murray-02a0386,Dan Murray ,https://www.linkedin.com/in/dan-murray-02a0386,N/A
"Southwest Gas Holdings, Inc.","Dani Eaton, CPA ",https://www.linkedin.com/in/dani-eaton-cpa-a0206195,Boyd Nelson ,https://www.linkedin.com/in/boyd-nelson-878b264,https://www.swgasholdings.com/
"Spark Energy, Inc.",Kristine Roemer ,https://www.linkedin.com/in/kristine-roemer-342296a,Gil Melman ,https://www.linkedin.com/in/gil-melman-7b9a765,https://www.sparkenergy.com/
"Spark Energy, Inc.",Kristine Roemer ,https://www.linkedin.com/in/kristine-roemer-342296a,Gil Melman ,https://www.linkedin.com/in/gil-melman-7b9a765,https://www.sparkenergy.com/
Spire Inc.,Jonathan Palley ,https://www.linkedin.com/in/jpalley/en,Gerard Gorla ,https://www.linkedin.com/in/gerard-gorla-35a26a80,https://http//www.standardregister.com
"Spok Holdings, Inc.",Vincent Kelly ,https://www.linkedin.com/in/vincent-kelly-3b329911,Vincent Kelly ,https://www.linkedin.com/in/vincent-kelly-3b329911,https://http//www.spok.com
Sprint Corporation,Marcelo Claure ,https://www.linkedin.com/in/marcelo-claure-510619b,Enrico Bignotti ,https://www.linkedin.com/in/ricobignotti,https://http//www.sprint.com
"Summit Midstream Partners, LP",Leonard Mallett ,https://www.linkedin.com/in/leonard-mallett-42ab6a7,Greg Haneiko ,https://www.linkedin.com/in/greg-haneiko-7a61477,https://http//www.summitmidstream.com
"Sunworks, Inc.",Chuck Cargile ,https://www.linkedin.com/in/chuck-cargile-95013474,Scott Bowden ,https://www.linkedin.com/in/scott-bowden-2112274,https://http//www.sunworksusa.com
"Tallgrass Energy, LP",Jeff C. Nelson ,https://www.linkedin.com/in/jeff-c-nelson-689314a,Chris Jones ,https://www.linkedin.com/in/chris-jones-7aa36bb,https://http//www.tallgrassenergylp.com
"Targa Resources, Inc.",Arturo Herr ,https://www.linkedin.com/in/arturo-herr-b78b7712,Mike Penny ,https://www.linkedin.com/in/mike-penny-097a073,https://http//www.targaresources.com
"TC PipeLines, LP",Donald DeGrandis ,https://ca.linkedin.com/in/donald-degrandis-b4239b3b,Donald DeGrandis ,https://ca.linkedin.com/in/donald-degrandis-b4239b3b,N/A
Telecom Argentina Stet - France Telecom S.A.,David Castiglioni – Independent Business Consultant – TITICOM ..,https://ch.linkedin.com/in/david-castiglioni/de,Nestor Gatti ,https://ar.linkedin.com/in/nestorgatti,https://http//www.telecom.com.ar
Telefonica Brasil S.A.,Gustavo Pinto Gachineiro ,https://www.linkedin.com/in/gustavo-pinto-gachineiro-5657bb3,Breno Rodrigo Pacheco de Oliveira ,https://br.linkedin.com/in/breno-rodrigo-pacheco-de-oliveira-3237b980,https://http//www.telefonica.com.br
Telefonica SA,Jose Mª Alvarez,https://www.linkedin.com/in/jose-m%C2%AA-alvarez-pallete-82618748/,Ian Ruddy ,https://www.linkedin.com/in/ianruddy,https://http//www.telefonica.com
"Telephone and Data Systems, Inc.","Deb Gunderson, CWPD ",https://www.linkedin.com/in/deb-gunderson-cwpd-08415621,Ted Wiessing ,https://www.linkedin.com/in/ted-wiessing-ab32628,N/A
"Telephone and Data Systems, Inc.","Deb Gunderson, CWPD ",https://www.linkedin.com/in/deb-gunderson-cwpd-08415621,Ted Wiessing ,https://www.linkedin.com/in/ted-wiessing-ab32628,N/A
"Telephone and Data Systems, Inc.","Deb Gunderson, CWPD ",https://www.linkedin.com/in/deb-gunderson-cwpd-08415621,Ted Wiessing ,https://www.linkedin.com/in/ted-wiessing-ab32628,N/A
"Telephone and Data Systems, Inc.","Deb Gunderson, CWPD ",https://www.linkedin.com/in/deb-gunderson-cwpd-08415621,Ted Wiessing ,https://www.linkedin.com/in/ted-wiessing-ab32628,N/A
"Telephone and Data Systems, Inc.","Deb Gunderson, CWPD ",https://www.linkedin.com/in/deb-gunderson-cwpd-08415621,Ted Wiessing ,https://www.linkedin.com/in/ted-wiessing-ab32628,https://http//www.tdsinc.com
TELUS Corporation,Monique Mercier ,https://ca.linkedin.com/in/monique-mercier-25a29944,Monique Mercier ,https://ca.linkedin.com/in/monique-mercier-25a29944,https://http//www.telus.com
Tennessee Valley Authority,Andrea Brackett ,https://www.linkedin.com/in/asbrackett,Jacinda Woodward ,https://www.linkedin.com/in/jacinda-woodward-a6875695,https://http//www.tva.gov
Tennessee Valley Authority,Andrea Brackett ,https://www.linkedin.com/in/asbrackett,Jacinda Woodward ,https://www.linkedin.com/in/jacinda-woodward-a6875695,N/A
"TerraForm Power, Inc.",Mark Lerdal ,https://www.linkedin.com/in/mark-lerdal-289519a,Toon Mols ,https://www.linkedin.com/in/toon-mols-0055377,https://http//www.terraformpower.com
The York Water Company,Jeff Hines ,https://www.linkedin.com/in/jeff-hines-2b61b11a,George Hay Kain III ,https://www.linkedin.com/in/george-hay-kain-iii-12326bb9,https://http//www.yorkwater.com
TIM Participacoes S.A.,Joana Serafim ,https://br.linkedin.com/in/joana-serafim-7b34147,João Verner Juenemann – Member of the Board and of the Audit ..,https://br.linkedin.com/in/jo%C3%A3o-verner-juenemann-67621614/de,https://http//www.tim.com.br
"T-Mobile US, Inc.",Jeffrey Binder ,https://www.linkedin.com/in/jeffrey-binder-b1a476,Michael Rimkus ,https://www.linkedin.com/in/michael-rimkus-25b8508,https://http//www.t-mobile.com
TransAlta Corporation,Paul Taylor ,https://ca.linkedin.com/in/paul-taylor-69a05b67,Jennifer Pierce ,https://ca.linkedin.com/in/jennifer-pierce-66422b13,https://http//www.transalta.com
TransCanada Corporation,Alexander Pourbaix ,https://ca.linkedin.com/in/alexander-pourbaix-55b12b10,Charles Moran ,https://www.linkedin.com/in/charles-moran-520a143,https://http//www.transcanada.com
Transportadora De Gas Sa Ord B,Result Not Found,No Results,Charlie Cendalski ,https://www.linkedin.com/in/charlie-cendalski-b5545a6a,https://http//www.tgs.com.ar
Turkcell Iletisim Hizmetleri AS,Serkan Koç ,https://www.linkedin.com/in/serkan-ko%C3%A7-43a042a/,Zafer SEVER ,https://www.linkedin.com/in/zafersever,https://www.turkcell.com.tr/
UGI Corporation,Robert Beard ,https://www.linkedin.com/in/robert-beard-157a57a,Mike Pearson ,https://www.linkedin.com/in/mike-pearson-596107a,https://http//www.ugicorp.com
Ultrapar Participacoes S.A.,Thiago Coutinho ,https://br.linkedin.com/in/thiago-coutinho-6594108,sandra gorbe ,https://br.linkedin.com/in/sandra-gorbe-24655814,https://http//www.ultra.com.br
United States Cellular Corporation,Kenneth Meyers ,https://www.linkedin.com/in/kenneth-meyers-1a21b66,"Michael Irizarry, Ph.D. ",https://www.linkedin.com/in/michael-irizarry-ph-d-43396,https://http//www.uscellular.com
United States Cellular Corporation,Kenneth Meyers ,https://www.linkedin.com/in/kenneth-meyers-1a21b66,"Michael Irizarry, Ph.D. ",https://www.linkedin.com/in/michael-irizarry-ph-d-43396,N/A
United States Cellular Corporation,Kenneth Meyers ,https://www.linkedin.com/in/kenneth-meyers-1a21b66,"Michael Irizarry, Ph.D. ",https://www.linkedin.com/in/michael-irizarry-ph-d-43396,N/A
United States Cellular Corporation,Kenneth Meyers ,https://www.linkedin.com/in/kenneth-meyers-1a21b66,"Michael Irizarry, Ph.D. ",https://www.linkedin.com/in/michael-irizarry-ph-d-43396,N/A
UNITIL Corporation,Thomas Meissner ,https://www.linkedin.com/in/thomas-meissner-269098b,Thomas Meissner ,https://www.linkedin.com/in/thomas-meissner-269098b,https://http//www.unitil.com
"US Ecology, Inc.",Jeff Feeler ,https://www.linkedin.com/in/jeff-feeler-132a067,Jana Straubhar ,https://www.linkedin.com/in/jana-straubhar-975ba31a,https://http//www.usecology.com
"USA Compression Partners, LP",Kenneth Simmons ,https://www.linkedin.com/in/kenneth-simmons-8b047377,"Brett Coleman, CSP, ARM ",https://www.linkedin.com/in/brett-coleman-csp-arm-6b82589,https://http//www.usacompression.com
VEON Ltd.,bryan wan ,https://www.linkedin.com/in/bryan-wan-72190721,"Dmitry Golubikhin, CFA, ACA ",https://nl.linkedin.com/in/dmitry-golubikhin-cfa-aca-95683525,https://http//www.veon.com
Verizon Communications Inc.,Wayne Stephenson ,https://www.linkedin.com/in/wayne-stephenson-86a05020,Scott Krohn ,https://www.linkedin.com/in/scott-krohn-0a55398,https://http//www.verizon.com
Vistra Energy Corp.,Justin Johnson ,https://www.linkedin.com/in/justin-johnson-a41b3634,Tj Sukendro ,https://www.linkedin.com/in/tj-sukendro-73685553,N/A
Vistra Energy Corp.,Justin Johnson ,https://www.linkedin.com/in/justin-johnson-a41b3634,Tj Sukendro ,https://www.linkedin.com/in/tj-sukendro-73685553,https://http//www.vistraenergy.com
VivoPower International PLC,Carl Weatherley,https://www.linkedin.com/in/carlww,Art Russell ,https://uk.linkedin.com/in/art-russell-58919720,https://http//www.vivopower.com
Vodafone Group Plc,Arun Sarin ,https://www.linkedin.com/in/arun-sarin-61a783101,Bobby Leach ,https://www.linkedin.com/in/bobby-leach-b77b397,https://http//www.vodafone.com
Vonage Holdings Corp.,Randy Rutherford ,https://www.linkedin.com/in/randy-rutherford-5715128,Henry B. Pickens ,https://www.linkedin.com/in/henry-b-pickens-21ab286,https://http//www.vonage.com
"Waste Connections, Inc.",Ron Mittelstaedt ,https://www.linkedin.com/in/ron-mittelstaedt-08235117,Michelle (Raynaud) Little ,https://www.linkedin.com/in/michelle-raynaud-little-85997810,https://http//www.wasteconnections.com
"Waste Management, Inc.",Jim Fish ,https://www.linkedin.com/in/jim-fish-1769653,Jeff Spencer ,https://www.linkedin.com/in/jeff-spencer-ba69823,https://http//www.wm.com
"WEC Energy Group, Inc.","Emilia Khor, CPA ",https://www.linkedin.com/in/emilia-khor-cpa-549a7013,Michael E. Gerth ,https://www.linkedin.com/in/mikegerth86,https://http//www.wecenergygroup.com
"Westell Technologies, Inc.",Stephen John ,https://www.linkedin.com/in/stephen-john-2092a21b,Mike Samocki ,https://www.linkedin.com/in/mike-samocki-b3849910,https://http//www.westell.com
"Western Midstream Partners, LP",Result Not Found,No Results,Result Not Found,No Results,https://http//www.westerngas.com
"Williams Companies, Inc. (The)",Result Not Found,No Results,Result Not Found,No Results,https://http//www.williams.com
Xcel Energy Inc.,Darius Ahrar ,https://www.linkedin.com/in/darius-ahrar-6656b431,Teresa Mogensen ,https://www.linkedin.com/in/teresa-mogensen,https://http//www.xcelenergy.com
"Zayo Group Holdings, Inc.",Dan Caruso ,https://www.linkedin.com/in/dan-caruso-7b6b6,Hannah Wanderer ,https://www.linkedin.com/in/hannah-wanderer-62aa2212,https://http//www.zayo.com